Coupon Code,Status,Usage Count,Max Usages,Campaign,Batch ID,Start Date,Expiry Date,Transaction Number,Loyalty ID,Source,Redeemed At
FF2510UWE70GX1,ACTIVE,0,2,$25,19,2025-12-16,2025-12-26,,,,
FF2510KMA1U54C,ACTIVE,0,2,$25,19,2025-12-16,2025-12-26,,,,
FF251071ZDXVH6,ACTIVE,0,2,$25,19,2025-12-16,2025-12-26,,,,
FF2510PWQLYZPG,ACTIVE,0,2,$25,19,2025-12-16,2025-12-26,,,,
FF2510JHBLFTDI,ACTIVE,0,2,$25,19,2025-12-16,2025-12-26,,,,
FF2510862IAR8K,ACTIVE,0,2,$25,19,2025-12-16,2025-12-26,,,,
FF2510ZY3GAIFG,ACTIVE,0,2,$25,19,2025-12-16,2025-12-26,,,,
FF2510FHF17Q58,ACTIVE,0,2,$25,19,2025-12-16,2025-12-26,,,,
FF25105LZ7R2MN,ACTIVE,0,2,$25,19,2025-12-16,2025-12-26,,,,
FF25101YHPA1ZN,ACTIVE,0,2,$25,19,2025-12-16,2025-12-26,,,,
FF2510YZ0T82HA,ACTIVE,0,2,$25,19,2025-12-16,2025-12-26,,,,
FF2510UD7KFQNR,ACTIVE,0,2,$25,19,2025-12-16,2025-12-26,,,,
FF251051ST31EW,ACTIVE,0,2,$25,19,2025-12-16,2025-12-26,,,,
FF2510STESQ203,ACTIVE,0,2,$25,19,2025-12-16,2025-12-26,,,,
FF25100AGLJJBU,ACTIVE,0,2,$25,19,2025-12-16,2025-12-26,,,,
FF2510M57BZRFN,ACTIVE,0,2,$25,19,2025-12-16,2025-12-26,,,,
FF2510X955K0E5,ACTIVE,0,2,$25,19,2025-12-16,2025-12-26,,,,
FF2510A4WH17NT,ACTIVE,0,2,$25,19,2025-12-16,2025-12-26,,,,
FF2510KLCKZB77,ACTIVE,0,2,$25,19,2025-12-16,2025-12-26,,,,
FF2510W3K4XJDL,ACTIVE,0,2,$25,19,2025-12-16,2025-12-26,,,,
FF25102C05S8AV,ACTIVE,0,2,$25,19,2025-12-16,2025-12-26,,,,
FF2510KLQNKI6D,ACTIVE,0,2,$25,19,2025-12-16,2025-12-26,,,,
FF25100H08JCRF,ACTIVE,0,2,$25,19,2025-12-16,2025-12-26,,,,
FF2510G7ZCDXQE,ACTIVE,0,2,$25,19,2025-12-16,2025-12-26,,,,
FF2510FWGBTGEB,ACTIVE,0,2,$25,19,2025-12-16,2025-12-26,,,,
FF2510MY9TR2YQ,ACTIVE,0,2,$25,19,2025-12-16,2025-12-26,,,,
FF25105WAUR0FO,ACTIVE,0,2,$25,19,2025-12-16,2025-12-26,,,,
FF2510AYERJ5YC,ACTIVE,0,2,$25,19,2025-12-16,2025-12-26,,,,
FF251038WHBR5Y,ACTIVE,0,2,$25,19,2025-12-16,2025-12-26,,,,
FF2510CCWX9TN3,ACTIVE,0,2,$25,19,2025-12-16,2025-12-26,,,,
FF2510WORQJFQ8,ACTIVE,0,2,$25,19,2025-12-16,2025-12-26,,,,
FF2510PFED7ZGA,ACTIVE,0,2,$25,19,2025-12-16,2025-12-26,,,,
FF2510MCBRCPGS,ACTIVE,0,2,$25,19,2025-12-16,2025-12-26,,,,
FF25103MRMAQ1U,ACTIVE,0,2,$25,19,2025-12-16,2025-12-26,,,,
FF2510SIZ7K5P7,ACTIVE,0,2,$25,19,2025-12-16,2025-12-26,,,,
FF2510N758YHN3,ACTIVE,0,2,$25,19,2025-12-16,2025-12-26,,,,
FF2510KYZWST3G,ACTIVE,0,2,$25,19,2025-12-16,2025-12-26,,,,
FF2510OW7RKGWH,ACTIVE,0,2,$25,19,2025-12-16,2025-12-26,,,,
FF2510VZSBZGBY,ACTIVE,0,2,$25,19,2025-12-16,2025-12-26,,,,
FF2510ACPCK99N,ACTIVE,0,2,$25,19,2025-12-16,2025-12-26,,,,
FF2510A2DRWHJN,ACTIVE,0,2,$25,19,2025-12-16,2025-12-26,,,,
FF2510OGMR47CY,ACTIVE,0,2,$25,19,2025-12-16,2025-12-26,,,,
FF251059Z5MT9C,ACTIVE,0,2,$25,19,2025-12-16,2025-12-26,,,,
FF2510BK8MUXR1,ACTIVE,0,2,$25,19,2025-12-16,2025-12-26,,,,
FF2510ODFFS4N6,ACTIVE,0,2,$25,19,2025-12-16,2025-12-26,,,,
FF2510DOVYKY4D,ACTIVE,0,2,$25,19,2025-12-16,2025-12-26,,,,
FF25104871Y7Z4,ACTIVE,0,2,$25,19,2025-12-16,2025-12-26,,,,
FF2510SHKH5X3R,ACTIVE,0,2,$25,19,2025-12-16,2025-12-26,,,,
FF2510UHWFD5PZ,ACTIVE,0,2,$25,19,2025-12-16,2025-12-26,,,,
FF2510F9A7TIZ4,ACTIVE,0,2,$25,19,2025-12-16,2025-12-26,,,,
FF2510747C0OCZ,ACTIVE,0,2,$25,19,2025-12-16,2025-12-26,,,,
FF2510AMNXGFIE,ACTIVE,0,2,$25,19,2025-12-16,2025-12-26,,,,
FF25103EJ0XCCN,ACTIVE,0,2,$25,19,2025-12-16,2025-12-26,,,,
FF25104NVHL2JR,ACTIVE,0,2,$25,19,2025-12-16,2025-12-26,,,,
FF2510CSBP4C3I,ACTIVE,0,2,$25,19,2025-12-16,2025-12-26,,,,
FF2510RUSMABOX,ACTIVE,0,2,$25,19,2025-12-16,2025-12-26,,,,
FF2510PP4F508P,ACTIVE,0,2,$25,19,2025-12-16,2025-12-26,,,,
FF2510F3JP5BQM,ACTIVE,0,2,$25,19,2025-12-16,2025-12-26,,,,
FF2510TOCDXN0N,ACTIVE,0,2,$25,19,2025-12-16,2025-12-26,,,,
FF25106482PONW,ACTIVE,0,2,$25,19,2025-12-16,2025-12-26,,,,
FF2510C68PCW3P,ACTIVE,0,2,$25,19,2025-12-16,2025-12-26,,,,
FF2510FH4S9NH6,ACTIVE,0,2,$25,19,2025-12-16,2025-12-26,,,,
FF2510DQ8BOOFX,ACTIVE,0,2,$25,19,2025-12-16,2025-12-26,,,,
FF25104MP04SB0,ACTIVE,0,2,$25,19,2025-12-16,2025-12-26,,,,
FF2510W1FP0092,ACTIVE,0,2,$25,19,2025-12-16,2025-12-26,,,,
FF2510QEJ9M8P0,ACTIVE,0,2,$25,19,2025-12-16,2025-12-26,,,,
FF2510TLC8479Z,ACTIVE,0,2,$25,19,2025-12-16,2025-12-26,,,,
FF251090NJ57C3,ACTIVE,0,2,$25,19,2025-12-16,2025-12-26,,,,
FF2510OYFN7TQG,ACTIVE,0,2,$25,19,2025-12-16,2025-12-26,,,,
FF25105E4Z4LIS,ACTIVE,0,2,$25,19,2025-12-16,2025-12-26,,,,
FF25101YQIW7OF,ACTIVE,0,2,$25,19,2025-12-16,2025-12-26,,,,
FF2510TT7BMEY1,ACTIVE,0,2,$25,19,2025-12-16,2025-12-26,,,,
FF2510GH8G8ZG8,ACTIVE,0,2,$25,19,2025-12-16,2025-12-26,,,,
FF2510T97ZH0CG,ACTIVE,0,2,$25,19,2025-12-16,2025-12-26,,,,
FF25104RWDAKIM,ACTIVE,0,2,$25,19,2025-12-16,2025-12-26,,,,
FF2510461FSAQH,ACTIVE,0,2,$25,19,2025-12-16,2025-12-26,,,,
FF2510H3PM4E7Y,ACTIVE,0,2,$25,19,2025-12-16,2025-12-26,,,,
FF2510EM8PKRYM,ACTIVE,0,2,$25,19,2025-12-16,2025-12-26,,,,
FF2510O9RHP57Q,ACTIVE,0,2,$25,19,2025-12-16,2025-12-26,,,,
FF2510ORT4EU1B,ACTIVE,0,2,$25,19,2025-12-16,2025-12-26,,,,
FF2510XZCFXOVE,ACTIVE,0,2,$25,19,2025-12-16,2025-12-26,,,,
FF25105GEA97ZF,ACTIVE,0,2,$25,19,2025-12-16,2025-12-26,,,,
FF25101RY1003H,ACTIVE,0,2,$25,19,2025-12-16,2025-12-26,,,,
FF2510N7GDZRKZ,ACTIVE,0,2,$25,19,2025-12-16,2025-12-26,,,,
FF25109CPCQ4AA,ACTIVE,0,2,$25,19,2025-12-16,2025-12-26,,,,
FF2510YMT7KL1P,ACTIVE,0,2,$25,19,2025-12-16,2025-12-26,,,,
FF2510TWNDZGHC,ACTIVE,0,2,$25,19,2025-12-16,2025-12-26,,,,
FF2510M94NRX8D,ACTIVE,0,2,$25,19,2025-12-16,2025-12-26,,,,
FF2510CMC1FDMG,ACTIVE,0,2,$25,19,2025-12-16,2025-12-26,,,,
FF2510OC5140CF,ACTIVE,0,2,$25,19,2025-12-16,2025-12-26,,,,
FF2510S8SAWFEV,ACTIVE,0,2,$25,19,2025-12-16,2025-12-26,,,,
FF2510W1VWMV9R,ACTIVE,0,2,$25,19,2025-12-16,2025-12-26,,,,
FF2510RTVB6XYI,ACTIVE,0,2,$25,19,2025-12-16,2025-12-26,,,,
FF251087WXNINW,ACTIVE,0,2,$25,19,2025-12-16,2025-12-26,,,,
FF2510N5HY97CJ,ACTIVE,0,2,$25,19,2025-12-16,2025-12-26,,,,
FF2510LI5UR7AW,ACTIVE,0,2,$25,19,2025-12-16,2025-12-26,,,,
FF2510SDYMZOHZ,ACTIVE,0,2,$25,19,2025-12-16,2025-12-26,,,,
FF2510XG0CGK1H,ACTIVE,0,2,$25,19,2025-12-16,2025-12-26,,,,
FF25100942NGNE,ACTIVE,0,2,$25,19,2025-12-16,2025-12-26,,,,
FF2510H0VXSDSO,ACTIVE,0,2,$25,19,2025-12-16,2025-12-26,,,,
FF2510IYFOKXRS,ACTIVE,0,2,$25,19,2025-12-16,2025-12-26,,,,
FF25108FBBDAF8,ACTIVE,0,2,$25,19,2025-12-16,2025-12-26,,,,
FF2510AC5B51A8,ACTIVE,0,2,$25,19,2025-12-16,2025-12-26,,,,
FF2510WSMT85ZL,ACTIVE,0,2,$25,19,2025-12-16,2025-12-26,,,,
FF2510G5CW3GVS,ACTIVE,0,2,$25,19,2025-12-16,2025-12-26,,,,
FF251011I7SD96,ACTIVE,0,2,$25,19,2025-12-16,2025-12-26,,,,
FF2510NOTGYMAK,ACTIVE,0,2,$25,19,2025-12-16,2025-12-26,,,,
FF251093Z4LSAW,ACTIVE,0,2,$25,19,2025-12-16,2025-12-26,,,,
FF25101PF11TZL,ACTIVE,0,2,$25,19,2025-12-16,2025-12-26,,,,
FF2510H92244LT,ACTIVE,0,2,$25,19,2025-12-16,2025-12-26,,,,
FF2510A9XW6N1T,ACTIVE,0,2,$25,19,2025-12-16,2025-12-26,,,,
FF2510FL8OMRXJ,ACTIVE,0,2,$25,19,2025-12-16,2025-12-26,,,,
FF25104HBI4Q1Q,ACTIVE,0,2,$25,19,2025-12-16,2025-12-26,,,,
FF25101R3SRJL8,ACTIVE,0,2,$25,19,2025-12-16,2025-12-26,,,,
FF2510A20NWWCC,ACTIVE,0,2,$25,19,2025-12-16,2025-12-26,,,,
FF25101NBRZU36,ACTIVE,0,2,$25,19,2025-12-16,2025-12-26,,,,
FF2510GIJF3KWE,ACTIVE,0,2,$25,19,2025-12-16,2025-12-26,,,,
FF25109MM070OP,ACTIVE,0,2,$25,19,2025-12-16,2025-12-26,,,,
FF2510HKJITJ3V,ACTIVE,0,2,$25,19,2025-12-16,2025-12-26,,,,
FF2510SZVIOM9C,ACTIVE,0,2,$25,19,2025-12-16,2025-12-26,,,,
FF2510XBRQZQNA,ACTIVE,0,2,$25,19,2025-12-16,2025-12-26,,,,
FF2510ZDC65CA0,ACTIVE,0,2,$25,19,2025-12-16,2025-12-26,,,,
FF2510SCJJ88QY,ACTIVE,0,2,$25,19,2025-12-16,2025-12-26,,,,
FF2510MJMF3VOV,ACTIVE,0,2,$25,19,2025-12-16,2025-12-26,,,,
FF2510PKB8ZWFT,ACTIVE,0,2,$25,19,2025-12-16,2025-12-26,,,,
FF2510C1SL1B2R,ACTIVE,0,2,$25,19,2025-12-16,2025-12-26,,,,
FF2510I7XN93AO,ACTIVE,0,2,$25,19,2025-12-16,2025-12-26,,,,
FF2510MC428GEW,ACTIVE,0,2,$25,19,2025-12-16,2025-12-26,,,,
FF2510PT5IMA1J,ACTIVE,0,2,$25,19,2025-12-16,2025-12-26,,,,
FF25107H78N67N,ACTIVE,0,2,$25,19,2025-12-16,2025-12-26,,,,
FF2510ESH0O79N,ACTIVE,0,2,$25,19,2025-12-16,2025-12-26,,,,
FF2510T3543DFQ,ACTIVE,0,2,$25,19,2025-12-16,2025-12-26,,,,
FF2510U289GLV6,ACTIVE,0,2,$25,19,2025-12-16,2025-12-26,,,,
FF2510KR3DNNOT,ACTIVE,0,2,$25,19,2025-12-16,2025-12-26,,,,
FF25100RPVINP9,ACTIVE,0,2,$25,19,2025-12-16,2025-12-26,,,,
FF251085F64AQW,ACTIVE,0,2,$25,19,2025-12-16,2025-12-26,,,,
FF251044ITR9L3,ACTIVE,0,2,$25,19,2025-12-16,2025-12-26,,,,
FF2510X9BR9LYA,ACTIVE,0,2,$25,19,2025-12-16,2025-12-26,,,,
FF2510S9W3T6CR,ACTIVE,0,2,$25,19,2025-12-16,2025-12-26,,,,
FF2510M4E6IH3R,ACTIVE,0,2,$25,19,2025-12-16,2025-12-26,,,,
FF2510MFOYO1D5,ACTIVE,0,2,$25,19,2025-12-16,2025-12-26,,,,
FF2510VXC2D2H3,ACTIVE,0,2,$25,19,2025-12-16,2025-12-26,,,,
FF2510BWNDSNBY,ACTIVE,0,2,$25,19,2025-12-16,2025-12-26,,,,
FF2510ZNH24XYW,ACTIVE,0,2,$25,19,2025-12-16,2025-12-26,,,,
FF2510BEO3GQON,ACTIVE,0,2,$25,19,2025-12-16,2025-12-26,,,,
FF25105PWIR7Z0,ACTIVE,0,2,$25,19,2025-12-16,2025-12-26,,,,
FF2510PQ309NOP,ACTIVE,0,2,$25,19,2025-12-16,2025-12-26,,,,
FF2510DTL9DH8Z,ACTIVE,0,2,$25,19,2025-12-16,2025-12-26,,,,
FF2510VBC1XJX6,ACTIVE,0,2,$25,19,2025-12-16,2025-12-26,,,,
FF25106Q3EPNUV,ACTIVE,0,2,$25,19,2025-12-16,2025-12-26,,,,
FF2510290V13AI,ACTIVE,0,2,$25,19,2025-12-16,2025-12-26,,,,
FF2510FTOUZZ1P,ACTIVE,0,2,$25,19,2025-12-16,2025-12-26,,,,
FF2510T9QU64BP,ACTIVE,0,2,$25,19,2025-12-16,2025-12-26,,,,
FF25106H45MKTJ,ACTIVE,0,2,$25,19,2025-12-16,2025-12-26,,,,
FF2510F71Q72XM,ACTIVE,0,2,$25,19,2025-12-16,2025-12-26,,,,
FF2510G2YHIB9N,ACTIVE,0,2,$25,19,2025-12-16,2025-12-26,,,,
FF2510WIL536O8,ACTIVE,0,2,$25,19,2025-12-16,2025-12-26,,,,
FF2510N9KWDYX7,ACTIVE,0,2,$25,19,2025-12-16,2025-12-26,,,,
FF2510A4L194QR,ACTIVE,0,2,$25,19,2025-12-16,2025-12-26,,,,
FF2510UX8B51CU,ACTIVE,0,2,$25,19,2025-12-16,2025-12-26,,,,
FF2510O4VPKR7B,ACTIVE,0,2,$25,19,2025-12-16,2025-12-26,,,,
FF25105UIQNBXE,ACTIVE,0,2,$25,19,2025-12-16,2025-12-26,,,,
FF2510DBDJ4QBB,ACTIVE,0,2,$25,19,2025-12-16,2025-12-26,,,,
FF25109IFMRJ1D,ACTIVE,0,2,$25,19,2025-12-16,2025-12-26,,,,
FF2510RAIY4TMM,ACTIVE,0,2,$25,19,2025-12-16,2025-12-26,,,,
FF2510L7HC5R4B,ACTIVE,0,2,$25,19,2025-12-16,2025-12-26,,,,
FF2510IDBUCN67,ACTIVE,0,2,$25,19,2025-12-16,2025-12-26,,,,
FF2510Z7B42HYD,ACTIVE,0,2,$25,19,2025-12-16,2025-12-26,,,,
FF25103K0T468P,ACTIVE,0,2,$25,19,2025-12-16,2025-12-26,,,,
FF2510DUGEGNF5,ACTIVE,0,2,$25,19,2025-12-16,2025-12-26,,,,
FF2510CL7UJGY3,ACTIVE,0,2,$25,19,2025-12-16,2025-12-26,,,,
FF25105PFQ0QMG,ACTIVE,0,2,$25,19,2025-12-16,2025-12-26,,,,
FF2510772E2UCT,ACTIVE,0,2,$25,19,2025-12-16,2025-12-26,,,,
FF2510TIFGHNC8,ACTIVE,0,2,$25,19,2025-12-16,2025-12-26,,,,
FF25100KF1CMVI,ACTIVE,0,2,$25,19,2025-12-16,2025-12-26,,,,
FF25104ILX96KU,ACTIVE,0,2,$25,19,2025-12-16,2025-12-26,,,,
FF2510YACL1YYJ,ACTIVE,0,2,$25,19,2025-12-16,2025-12-26,,,,
FF25109CH9WORU,ACTIVE,0,2,$25,19,2025-12-16,2025-12-26,,,,
FF251028K0Q2K1,ACTIVE,0,2,$25,19,2025-12-16,2025-12-26,,,,
FF25108XHCXH07,ACTIVE,0,2,$25,19,2025-12-16,2025-12-26,,,,
FF2510HWX3M6E7,ACTIVE,0,2,$25,19,2025-12-16,2025-12-26,,,,
FF2510KE99R44A,ACTIVE,0,2,$25,19,2025-12-16,2025-12-26,,,,
FF25104LT6GUWJ,ACTIVE,0,2,$25,19,2025-12-16,2025-12-26,,,,
FF2510XF9VUN5N,ACTIVE,0,2,$25,19,2025-12-16,2025-12-26,,,,
FF25101N43CBN5,ACTIVE,0,2,$25,19,2025-12-16,2025-12-26,,,,
FF2510HC3AT7V2,ACTIVE,0,2,$25,19,2025-12-16,2025-12-26,,,,
FF25106G31GMVC,ACTIVE,0,2,$25,19,2025-12-16,2025-12-26,,,,
FF2510NODYVSCI,ACTIVE,0,2,$25,19,2025-12-16,2025-12-26,,,,
FF2510T47T58W3,ACTIVE,0,2,$25,19,2025-12-16,2025-12-26,,,,
FF2510ZLPGPC9X,ACTIVE,0,2,$25,19,2025-12-16,2025-12-26,,,,
FF2510TR41F0DX,ACTIVE,0,2,$25,19,2025-12-16,2025-12-26,,,,
FF2510GOFLS9T1,ACTIVE,0,2,$25,19,2025-12-16,2025-12-26,,,,
FF2510U0279UV8,ACTIVE,0,2,$25,19,2025-12-16,2025-12-26,,,,
FF2510ODFPZGD1,ACTIVE,0,2,$25,19,2025-12-16,2025-12-26,,,,
FF25109SR1X990,ACTIVE,0,2,$25,19,2025-12-16,2025-12-26,,,,
FF2510VYTFET4T,ACTIVE,0,2,$25,19,2025-12-16,2025-12-26,,,,
FF25102SDPASFG,ACTIVE,0,2,$25,19,2025-12-16,2025-12-26,,,,
FF25104NY91LQ6,ACTIVE,0,2,$25,19,2025-12-16,2025-12-26,,,,
FF2510X32KBEK8,ACTIVE,0,2,$25,19,2025-12-16,2025-12-26,,,,
FF25101C6UY0LG,ACTIVE,0,2,$25,19,2025-12-16,2025-12-26,,,,
FF2510OO88KWTI,ACTIVE,0,2,$25,19,2025-12-16,2025-12-26,,,,
FF2510J5QS71OS,ACTIVE,0,2,$25,19,2025-12-16,2025-12-26,,,,
FF2510IWXVZRPY,ACTIVE,0,2,$25,19,2025-12-16,2025-12-26,,,,
FF25105K140FX5,ACTIVE,0,2,$25,19,2025-12-16,2025-12-26,,,,
FF25105W75AIOF,ACTIVE,0,2,$25,19,2025-12-16,2025-12-26,,,,
FF2510WKRTB2Y8,ACTIVE,0,2,$25,19,2025-12-16,2025-12-26,,,,
FF2510Z3JFLTML,ACTIVE,0,2,$25,19,2025-12-16,2025-12-26,,,,
FF25100LOPTPV5,ACTIVE,0,2,$25,19,2025-12-16,2025-12-26,,,,
FF251008F855D8,ACTIVE,0,2,$25,19,2025-12-16,2025-12-26,,,,
FF2510Z1URIR62,ACTIVE,0,2,$25,19,2025-12-16,2025-12-26,,,,
FF25103D8H6ZEX,ACTIVE,0,2,$25,19,2025-12-16,2025-12-26,,,,
FF2510W5KM46SJ,ACTIVE,0,2,$25,19,2025-12-16,2025-12-26,,,,
FF251047C38RGC,ACTIVE,0,2,$25,19,2025-12-16,2025-12-26,,,,
FF2510UO4YISQ5,ACTIVE,0,2,$25,19,2025-12-16,2025-12-26,,,,
FF2510292EM0KI,ACTIVE,0,2,$25,19,2025-12-16,2025-12-26,,,,
FF25105UOUQIUA,ACTIVE,0,2,$25,19,2025-12-16,2025-12-26,,,,
FF2510DUIJT20J,ACTIVE,0,2,$25,19,2025-12-16,2025-12-26,,,,
FF2510BA6D2AEE,ACTIVE,0,2,$25,19,2025-12-16,2025-12-26,,,,
FF2510ODUHQSFN,ACTIVE,0,2,$25,19,2025-12-16,2025-12-26,,,,
FF2510NL8Q786W,ACTIVE,0,2,$25,19,2025-12-16,2025-12-26,,,,
FF25108HTEVSDY,ACTIVE,0,2,$25,19,2025-12-16,2025-12-26,,,,
FF25102YE80FT6,ACTIVE,0,2,$25,19,2025-12-16,2025-12-26,,,,
FF25102NRGMIRI,ACTIVE,0,2,$25,19,2025-12-16,2025-12-26,,,,
FF2510CEHMFV68,ACTIVE,0,2,$25,19,2025-12-16,2025-12-26,,,,
FF25103PDMFW4V,ACTIVE,0,2,$25,19,2025-12-16,2025-12-26,,,,
FF2510UQD4CH9H,ACTIVE,0,2,$25,19,2025-12-16,2025-12-26,,,,
FF251050HCTT3H,ACTIVE,0,2,$25,19,2025-12-16,2025-12-26,,,,
FF2510G6J6BXI9,ACTIVE,0,2,$25,19,2025-12-16,2025-12-26,,,,
FF25100BA7PGEB,ACTIVE,0,2,$25,19,2025-12-16,2025-12-26,,,,
FF2510HALX2WVK,ACTIVE,0,2,$25,19,2025-12-16,2025-12-26,,,,
FF2510NNKEFBLV,ACTIVE,0,2,$25,19,2025-12-16,2025-12-26,,,,
FF2510MV6TM6ZX,ACTIVE,0,2,$25,19,2025-12-16,2025-12-26,,,,
FF2510DFSHOF7A,ACTIVE,0,2,$25,19,2025-12-16,2025-12-26,,,,
FF2510WSMLCF4I,ACTIVE,0,2,$25,19,2025-12-16,2025-12-26,,,,
FF2510QB2QUJJE,ACTIVE,0,2,$25,19,2025-12-16,2025-12-26,,,,
FF2510JCK2D0RQ,ACTIVE,0,2,$25,19,2025-12-16,2025-12-26,,,,
FF2510BH5MK7MR,ACTIVE,0,2,$25,19,2025-12-16,2025-12-26,,,,
FF2510OZHND01X,ACTIVE,0,2,$25,19,2025-12-16,2025-12-26,,,,
FF2510R7MEC0R7,ACTIVE,0,2,$25,19,2025-12-16,2025-12-26,,,,
FF2510Y4PDN58E,ACTIVE,0,2,$25,19,2025-12-16,2025-12-26,,,,
FF2510B7KM41CI,ACTIVE,0,2,$25,19,2025-12-16,2025-12-26,,,,
FF25104GDCHCJS,ACTIVE,0,2,$25,19,2025-12-16,2025-12-26,,,,
FF2510L7F79FPS,ACTIVE,0,2,$25,19,2025-12-16,2025-12-26,,,,
FF25102XLCGSO2,ACTIVE,0,2,$25,19,2025-12-16,2025-12-26,,,,
FF2510KNM7JDAT,ACTIVE,0,2,$25,19,2025-12-16,2025-12-26,,,,
FF25106UFBDAKU,ACTIVE,0,2,$25,19,2025-12-16,2025-12-26,,,,
FF251061KUWZVQ,ACTIVE,0,2,$25,19,2025-12-16,2025-12-26,,,,
FF2510ESI40HTS,ACTIVE,0,2,$25,19,2025-12-16,2025-12-26,,,,
FF2510HCI8CNX1,ACTIVE,0,2,$25,19,2025-12-16,2025-12-26,,,,
FF2510WWI3AGL8,ACTIVE,0,2,$25,19,2025-12-16,2025-12-26,,,,
FF2510ZHAV985W,ACTIVE,0,2,$25,19,2025-12-16,2025-12-26,,,,
FF25109EXKI0N9,ACTIVE,0,2,$25,19,2025-12-16,2025-12-26,,,,
FF2510LNXAZHJG,ACTIVE,0,2,$25,19,2025-12-16,2025-12-26,,,,
FF2510IRGCO5W8,ACTIVE,0,2,$25,19,2025-12-16,2025-12-26,,,,
FF2510VJYEDZ2W,ACTIVE,0,2,$25,19,2025-12-16,2025-12-26,,,,
FF2510295K7NBT,ACTIVE,0,2,$25,19,2025-12-16,2025-12-26,,,,
FF2510YW8OBR16,ACTIVE,0,2,$25,19,2025-12-16,2025-12-26,,,,
FF2510FJQLZS0Y,ACTIVE,0,2,$25,19,2025-12-16,2025-12-26,,,,
FF2510VKGTEZSM,ACTIVE,0,2,$25,19,2025-12-16,2025-12-26,,,,
FF2510EJV7QG3D,ACTIVE,0,2,$25,19,2025-12-16,2025-12-26,,,,
FF2510QK75OO9X,ACTIVE,0,2,$25,19,2025-12-16,2025-12-26,,,,
FF2510T95IHMMZ,ACTIVE,0,2,$25,19,2025-12-16,2025-12-26,,,,
FF2510PB1GK17J,ACTIVE,0,2,$25,19,2025-12-16,2025-12-26,,,,
FF2510C7YATTZG,ACTIVE,0,2,$25,19,2025-12-16,2025-12-26,,,,
FF2510PS1LUSSC,ACTIVE,0,2,$25,19,2025-12-16,2025-12-26,,,,
FF25101YFY6N8P,ACTIVE,0,2,$25,19,2025-12-16,2025-12-26,,,,
FF2510GI764YXK,ACTIVE,0,2,$25,19,2025-12-16,2025-12-26,,,,
FF2510W0BIU132,ACTIVE,0,2,$25,19,2025-12-16,2025-12-26,,,,
FF251060PQME3S,ACTIVE,0,2,$25,19,2025-12-16,2025-12-26,,,,
FF2510J1QPVYSL,ACTIVE,0,2,$25,19,2025-12-16,2025-12-26,,,,
FF2510DO1K9981,ACTIVE,0,2,$25,19,2025-12-16,2025-12-26,,,,
FF2510BTADQNYV,ACTIVE,0,2,$25,19,2025-12-16,2025-12-26,,,,
FF2510TL8QBM6Q,ACTIVE,0,2,$25,19,2025-12-16,2025-12-26,,,,
FF25103D5FHN9H,ACTIVE,0,2,$25,19,2025-12-16,2025-12-26,,,,
FF25100D1M1IF6,ACTIVE,0,2,$25,19,2025-12-16,2025-12-26,,,,
FF2510HCBVO3QW,ACTIVE,0,2,$25,19,2025-12-16,2025-12-26,,,,
FF2510UZEBQC4E,ACTIVE,0,2,$25,19,2025-12-16,2025-12-26,,,,
FF25108H5TMED4,ACTIVE,0,2,$25,19,2025-12-16,2025-12-26,,,,
FF25101KAYX28P,ACTIVE,0,2,$25,19,2025-12-16,2025-12-26,,,,
FF2510L2FXE2ZI,ACTIVE,0,2,$25,19,2025-12-16,2025-12-26,,,,
FF2510DLQYRESP,ACTIVE,0,2,$25,19,2025-12-16,2025-12-26,,,,
FF2510HV818T66,ACTIVE,0,2,$25,19,2025-12-16,2025-12-26,,,,
FF2510PKKLUSN0,ACTIVE,0,2,$25,19,2025-12-16,2025-12-26,,,,
FF25102OL00LYR,ACTIVE,0,2,$25,19,2025-12-16,2025-12-26,,,,
FF2510R1TJUF2M,ACTIVE,0,2,$25,19,2025-12-16,2025-12-26,,,,
FF25106VLL6561,ACTIVE,0,2,$25,19,2025-12-16,2025-12-26,,,,
FF25102OTNH87Q,ACTIVE,0,2,$25,19,2025-12-16,2025-12-26,,,,
FF25102WL2AIWD,ACTIVE,0,2,$25,19,2025-12-16,2025-12-26,,,,
FF25106JCGWAF0,ACTIVE,0,2,$25,19,2025-12-16,2025-12-26,,,,
FF2510237BDB1I,ACTIVE,0,2,$25,19,2025-12-16,2025-12-26,,,,
FF2510ML91D567,ACTIVE,0,2,$25,19,2025-12-16,2025-12-26,,,,
FF25101YS45S6K,ACTIVE,0,2,$25,19,2025-12-16,2025-12-26,,,,
FF2510FGSMY4E3,ACTIVE,0,2,$25,19,2025-12-16,2025-12-26,,,,
FF2510IF3PBRZS,ACTIVE,0,2,$25,19,2025-12-16,2025-12-26,,,,
FF2510MKEJMO8G,ACTIVE,0,2,$25,19,2025-12-16,2025-12-26,,,,
FF2510RKTJZON4,ACTIVE,0,2,$25,19,2025-12-16,2025-12-26,,,,
FF2510LUMT4FJY,ACTIVE,0,2,$25,19,2025-12-16,2025-12-26,,,,
FF2510MLRZS9A9,ACTIVE,0,2,$25,19,2025-12-16,2025-12-26,,,,
FF2510JDQWZRRN,ACTIVE,0,2,$25,19,2025-12-16,2025-12-26,,,,
FF25103KHMZVPR,ACTIVE,0,2,$25,19,2025-12-16,2025-12-26,,,,
FF2510V087ZVL3,ACTIVE,0,2,$25,19,2025-12-16,2025-12-26,,,,
FF2510NL107J31,ACTIVE,0,2,$25,19,2025-12-16,2025-12-26,,,,
FF2510NF1P50FK,ACTIVE,0,2,$25,19,2025-12-16,2025-12-26,,,,
FF2510EC9YW568,ACTIVE,0,2,$25,19,2025-12-16,2025-12-26,,,,
FF2510HN2PVL9H,ACTIVE,0,2,$25,19,2025-12-16,2025-12-26,,,,
FF2510H8UD9BS5,ACTIVE,0,2,$25,19,2025-12-16,2025-12-26,,,,
FF2510VWRLWC4F,ACTIVE,0,2,$25,19,2025-12-16,2025-12-26,,,,
FF25107145YZRF,ACTIVE,0,2,$25,19,2025-12-16,2025-12-26,,,,
FF25100ZRL9WF5,ACTIVE,0,2,$25,19,2025-12-16,2025-12-26,,,,
FF2510GUQQRX4X,ACTIVE,0,2,$25,19,2025-12-16,2025-12-26,,,,
FF2510Q1IBJJB9,ACTIVE,0,2,$25,19,2025-12-16,2025-12-26,,,,
FF25102D0W1QI7,ACTIVE,0,2,$25,19,2025-12-16,2025-12-26,,,,
FF2510AFO0QXB3,ACTIVE,0,2,$25,19,2025-12-16,2025-12-26,,,,
FF25103V1OGUX7,ACTIVE,0,2,$25,19,2025-12-16,2025-12-26,,,,
FF2510WHALWF27,ACTIVE,0,2,$25,19,2025-12-16,2025-12-26,,,,
FF2510CMGQTTIR,ACTIVE,0,2,$25,19,2025-12-16,2025-12-26,,,,
FF2510RM7R0QQ1,ACTIVE,0,2,$25,19,2025-12-16,2025-12-26,,,,
FF251040N30NZB,ACTIVE,0,2,$25,19,2025-12-16,2025-12-26,,,,
FF2510CUZ0ZCSM,ACTIVE,0,2,$25,19,2025-12-16,2025-12-26,,,,
FF251085NMGTNG,ACTIVE,0,2,$25,19,2025-12-16,2025-12-26,,,,
FF2510KTDY3HQY,ACTIVE,0,2,$25,19,2025-12-16,2025-12-26,,,,
FF2510Z6QYCDQZ,ACTIVE,0,2,$25,19,2025-12-16,2025-12-26,,,,
FF25105HZ7WA2O,ACTIVE,0,2,$25,19,2025-12-16,2025-12-26,,,,
FF2510Z0CDCN7O,ACTIVE,0,2,$25,19,2025-12-16,2025-12-26,,,,
FF2510AZ845OU6,ACTIVE,0,2,$25,19,2025-12-16,2025-12-26,,,,
FF2510M2Z288FW,ACTIVE,0,2,$25,19,2025-12-16,2025-12-26,,,,
FF2510CYLCFTWT,ACTIVE,0,2,$25,19,2025-12-16,2025-12-26,,,,
FF2510Z0DTWPPC,ACTIVE,0,2,$25,19,2025-12-16,2025-12-26,,,,
FF2510QZ08M28F,ACTIVE,0,2,$25,19,2025-12-16,2025-12-26,,,,
FF25101QX38E0X,ACTIVE,0,2,$25,19,2025-12-16,2025-12-26,,,,
FF2510OUDANEHE,ACTIVE,0,2,$25,19,2025-12-16,2025-12-26,,,,
FF25105VI0Q63A,ACTIVE,0,2,$25,19,2025-12-16,2025-12-26,,,,
FF25105I988V1C,ACTIVE,0,2,$25,19,2025-12-16,2025-12-26,,,,
FF2510PFJZIGOY,ACTIVE,0,2,$25,19,2025-12-16,2025-12-26,,,,
FF25103DA6FV34,ACTIVE,0,2,$25,19,2025-12-16,2025-12-26,,,,
FF2510VSW4HVT6,ACTIVE,0,2,$25,19,2025-12-16,2025-12-26,,,,
FF2510RQKCFUW5,ACTIVE,0,2,$25,19,2025-12-16,2025-12-26,,,,
FF2510II9G94ID,ACTIVE,0,2,$25,19,2025-12-16,2025-12-26,,,,
FF2510ZDNMHRFP,ACTIVE,0,2,$25,19,2025-12-16,2025-12-26,,,,
FF251070AK7EV9,ACTIVE,0,2,$25,19,2025-12-16,2025-12-26,,,,
FF2510KR6UY8DG,ACTIVE,0,2,$25,19,2025-12-16,2025-12-26,,,,
FF2510YAIFI6ZL,ACTIVE,0,2,$25,19,2025-12-16,2025-12-26,,,,
FF2510NVZR373I,ACTIVE,0,2,$25,19,2025-12-16,2025-12-26,,,,
FF2510FBZ21PW8,ACTIVE,0,2,$25,19,2025-12-16,2025-12-26,,,,
FF2510Y6I7OVTI,ACTIVE,0,2,$25,19,2025-12-16,2025-12-26,,,,
FF2510H1Z3FYET,ACTIVE,0,2,$25,19,2025-12-16,2025-12-26,,,,
FF2510QRGVVIV6,ACTIVE,0,2,$25,19,2025-12-16,2025-12-26,,,,
FF25100W6AMEWM,ACTIVE,0,2,$25,19,2025-12-16,2025-12-26,,,,
FF25106K8UPQAL,ACTIVE,0,2,$25,19,2025-12-16,2025-12-26,,,,
FF2510UQFDOR5P,ACTIVE,0,2,$25,19,2025-12-16,2025-12-26,,,,
FF2510XH9ZD0N6,ACTIVE,0,2,$25,19,2025-12-16,2025-12-26,,,,
FF25104LM6TG8G,ACTIVE,0,2,$25,19,2025-12-16,2025-12-26,,,,
FF2510ZBQ0X5UD,ACTIVE,0,2,$25,19,2025-12-16,2025-12-26,,,,
FF2510U1DL5YYU,ACTIVE,0,2,$25,19,2025-12-16,2025-12-26,,,,
FF251082CLCNIE,ACTIVE,0,2,$25,19,2025-12-16,2025-12-26,,,,
FF25105545B5S9,ACTIVE,0,2,$25,19,2025-12-16,2025-12-26,,,,
FF2510BWFF9Y6R,ACTIVE,0,2,$25,19,2025-12-16,2025-12-26,,,,
FF2510HXQ13NHO,ACTIVE,0,2,$25,19,2025-12-16,2025-12-26,,,,
FF2510A9A8EF5J,ACTIVE,0,2,$25,19,2025-12-16,2025-12-26,,,,
FF2510604YAP6I,ACTIVE,0,2,$25,19,2025-12-16,2025-12-26,,,,
FF2510I9M64W19,ACTIVE,0,2,$25,19,2025-12-16,2025-12-26,,,,
FF2510ZO48HD7A,ACTIVE,0,2,$25,19,2025-12-16,2025-12-26,,,,
FF2510RBY4S11W,ACTIVE,0,2,$25,19,2025-12-16,2025-12-26,,,,
FF2510B60WULYZ,ACTIVE,0,2,$25,19,2025-12-16,2025-12-26,,,,
FF251088KJD9L8,ACTIVE,0,2,$25,19,2025-12-16,2025-12-26,,,,
FF2510D9WX64U7,ACTIVE,0,2,$25,19,2025-12-16,2025-12-26,,,,
FF25100EOBZGMJ,ACTIVE,0,2,$25,19,2025-12-16,2025-12-26,,,,
FF2510MFXCVV34,ACTIVE,0,2,$25,19,2025-12-16,2025-12-26,,,,
FF2510CX6SOMOT,ACTIVE,0,2,$25,19,2025-12-16,2025-12-26,,,,
FF2510TVKCPL6P,ACTIVE,0,2,$25,19,2025-12-16,2025-12-26,,,,
FF25106YQ61U8F,ACTIVE,0,2,$25,19,2025-12-16,2025-12-26,,,,
FF2510Q3X22XVS,ACTIVE,0,2,$25,19,2025-12-16,2025-12-26,,,,
FF2510VGVAPISB,ACTIVE,0,2,$25,19,2025-12-16,2025-12-26,,,,
FF2510ZC29M9L9,ACTIVE,0,2,$25,19,2025-12-16,2025-12-26,,,,
FF2510QOO5DK6T,ACTIVE,0,2,$25,19,2025-12-16,2025-12-26,,,,
FF2510DIY0TG8J,ACTIVE,0,2,$25,19,2025-12-16,2025-12-26,,,,
FF2510YHDB0THM,ACTIVE,0,2,$25,19,2025-12-16,2025-12-26,,,,
FF25109O06LBCA,ACTIVE,0,2,$25,19,2025-12-16,2025-12-26,,,,
FF2510RIHEF4Q6,ACTIVE,0,2,$25,19,2025-12-16,2025-12-26,,,,
FF251027DTD838,ACTIVE,0,2,$25,19,2025-12-16,2025-12-26,,,,
FF2510P8DOZ0KZ,ACTIVE,0,2,$25,19,2025-12-16,2025-12-26,,,,
FF2510Z4W0BGZX,ACTIVE,0,2,$25,19,2025-12-16,2025-12-26,,,,
FF251094Y57DGI,ACTIVE,0,2,$25,19,2025-12-16,2025-12-26,,,,
FF2510C3X84QM5,ACTIVE,0,2,$25,19,2025-12-16,2025-12-26,,,,
FF2510P1UFJ1IP,ACTIVE,0,2,$25,19,2025-12-16,2025-12-26,,,,
FF2510Y57RUT9E,ACTIVE,0,2,$25,19,2025-12-16,2025-12-26,,,,
FF2510MA1YWQF3,ACTIVE,0,2,$25,19,2025-12-16,2025-12-26,,,,
FF25106TDLPBIF,ACTIVE,0,2,$25,19,2025-12-16,2025-12-26,,,,
FF25109APWTY0M,ACTIVE,0,2,$25,19,2025-12-16,2025-12-26,,,,
FF2510535S6SIV,ACTIVE,0,2,$25,19,2025-12-16,2025-12-26,,,,
FF2510R1P3HN6S,ACTIVE,0,2,$25,19,2025-12-16,2025-12-26,,,,
FF2510ITOFA6LM,ACTIVE,0,2,$25,19,2025-12-16,2025-12-26,,,,
FF2510HPO3JUN9,ACTIVE,0,2,$25,19,2025-12-16,2025-12-26,,,,
FF2510APBU263K,ACTIVE,0,2,$25,19,2025-12-16,2025-12-26,,,,
FF2510E07BWOQ9,ACTIVE,0,2,$25,19,2025-12-16,2025-12-26,,,,
FF25107IBSV6E9,ACTIVE,0,2,$25,19,2025-12-16,2025-12-26,,,,
FF2510JQD3OC8L,ACTIVE,0,2,$25,19,2025-12-16,2025-12-26,,,,
FF2510R313B9M8,ACTIVE,0,2,$25,19,2025-12-16,2025-12-26,,,,
FF2510OW7VNJ9Y,ACTIVE,0,2,$25,19,2025-12-16,2025-12-26,,,,
FF2510UOYWMNIJ,ACTIVE,0,2,$25,19,2025-12-16,2025-12-26,,,,
FF2510DRT3K06D,ACTIVE,0,2,$25,19,2025-12-16,2025-12-26,,,,
FF2510ZPYB96NM,ACTIVE,0,2,$25,19,2025-12-16,2025-12-26,,,,
FF2510LNGYZN7N,ACTIVE,0,2,$25,19,2025-12-16,2025-12-26,,,,
FF2510CZC9OG1D,ACTIVE,0,2,$25,19,2025-12-16,2025-12-26,,,,
FF2510K1QMW2GW,ACTIVE,0,2,$25,19,2025-12-16,2025-12-26,,,,
FF25106JH2WLCI,ACTIVE,0,2,$25,19,2025-12-16,2025-12-26,,,,
FF25107YU3OGW1,ACTIVE,0,2,$25,19,2025-12-16,2025-12-26,,,,
FF2510RIADC228,ACTIVE,0,2,$25,19,2025-12-16,2025-12-26,,,,
FF25109ED03S86,ACTIVE,0,2,$25,19,2025-12-16,2025-12-26,,,,
FF2510KJ3QZABW,ACTIVE,0,2,$25,19,2025-12-16,2025-12-26,,,,
FF2510ZVY0PNZB,ACTIVE,0,2,$25,19,2025-12-16,2025-12-26,,,,
FF2510RYX69PZT,ACTIVE,0,2,$25,19,2025-12-16,2025-12-26,,,,
FF2510UL021X1F,ACTIVE,0,2,$25,19,2025-12-16,2025-12-26,,,,
FF2510GRUBSJF2,ACTIVE,0,2,$25,19,2025-12-16,2025-12-26,,,,
FF2510Z86NVV0K,ACTIVE,0,2,$25,19,2025-12-16,2025-12-26,,,,
FF25109N4KY7QF,ACTIVE,0,2,$25,19,2025-12-16,2025-12-26,,,,
FF2510S9KAH9RM,ACTIVE,0,2,$25,19,2025-12-16,2025-12-26,,,,
FF2510ASMYTKQM,ACTIVE,0,2,$25,19,2025-12-16,2025-12-26,,,,
FF2510ZJI98H0U,ACTIVE,0,2,$25,19,2025-12-16,2025-12-26,,,,
FF2510TS6GZMVM,ACTIVE,0,2,$25,19,2025-12-16,2025-12-26,,,,
FF2510E1SBCBC8,ACTIVE,0,2,$25,19,2025-12-16,2025-12-26,,,,
FF251013MAI5UI,ACTIVE,0,2,$25,19,2025-12-16,2025-12-26,,,,
FF2510SD3IL61B,ACTIVE,0,2,$25,19,2025-12-16,2025-12-26,,,,
FF2510D95QRB5U,ACTIVE,0,2,$25,19,2025-12-16,2025-12-26,,,,
FF2510EAF5876J,ACTIVE,0,2,$25,19,2025-12-16,2025-12-26,,,,
FF2510FBDRWMK5,ACTIVE,0,2,$25,19,2025-12-16,2025-12-26,,,,
FF2510T4XIVEHR,ACTIVE,0,2,$25,19,2025-12-16,2025-12-26,,,,
FF251083TUIQMJ,ACTIVE,0,2,$25,19,2025-12-16,2025-12-26,,,,
FF2510K2NE269P,ACTIVE,0,2,$25,19,2025-12-16,2025-12-26,,,,
FF2510KEREKFLG,ACTIVE,0,2,$25,19,2025-12-16,2025-12-26,,,,
FF251038MV0Q3L,ACTIVE,0,2,$25,19,2025-12-16,2025-12-26,,,,
FF2510OTEIOQLI,ACTIVE,0,2,$25,19,2025-12-16,2025-12-26,,,,
FF25108DBR400Q,ACTIVE,0,2,$25,19,2025-12-16,2025-12-26,,,,
FF2510O9EHP7T7,ACTIVE,0,2,$25,19,2025-12-16,2025-12-26,,,,
FF2510LBL1VWW8,ACTIVE,0,2,$25,19,2025-12-16,2025-12-26,,,,
FF2510O8QK4C4O,ACTIVE,0,2,$25,19,2025-12-16,2025-12-26,,,,
FF2510RI2VH0KI,ACTIVE,0,2,$25,19,2025-12-16,2025-12-26,,,,
FF2510TRTE2XP2,ACTIVE,0,2,$25,19,2025-12-16,2025-12-26,,,,
FF251075XK53AY,ACTIVE,0,2,$25,19,2025-12-16,2025-12-26,,,,
FF2510RGK1623E,ACTIVE,0,2,$25,19,2025-12-16,2025-12-26,,,,
FF2510XG9FNHUL,ACTIVE,0,2,$25,19,2025-12-16,2025-12-26,,,,
FF25101U5SJWHS,ACTIVE,0,2,$25,19,2025-12-16,2025-12-26,,,,
FF2510UDT70XXJ,ACTIVE,0,2,$25,19,2025-12-16,2025-12-26,,,,
FF2510ULQAJ8V1,ACTIVE,0,2,$25,19,2025-12-16,2025-12-26,,,,
FF25104FPKVROF,ACTIVE,0,2,$25,19,2025-12-16,2025-12-26,,,,
FF2510VZNISSKN,ACTIVE,0,2,$25,19,2025-12-16,2025-12-26,,,,
FF2510FQMDMX3W,ACTIVE,0,2,$25,19,2025-12-16,2025-12-26,,,,
FF2510Z3CTTYGX,ACTIVE,0,2,$25,19,2025-12-16,2025-12-26,,,,
FF2510J84H20D1,ACTIVE,0,2,$25,19,2025-12-16,2025-12-26,,,,
FF25104EHSVXN1,ACTIVE,0,2,$25,19,2025-12-16,2025-12-26,,,,
FF2510RI2QXF6D,ACTIVE,0,2,$25,19,2025-12-16,2025-12-26,,,,
FF2510TRU543WK,ACTIVE,0,2,$25,19,2025-12-16,2025-12-26,,,,
FF25105OJBF39H,ACTIVE,0,2,$25,19,2025-12-16,2025-12-26,,,,
FF25105UWP2GTK,ACTIVE,0,2,$25,19,2025-12-16,2025-12-26,,,,
FF2510BSNDA323,ACTIVE,0,2,$25,19,2025-12-16,2025-12-26,,,,
FF25108X8BCD5X,ACTIVE,0,2,$25,19,2025-12-16,2025-12-26,,,,
FF25100ZOFLYU6,ACTIVE,0,2,$25,19,2025-12-16,2025-12-26,,,,
FF2510RN9P5AHI,ACTIVE,0,2,$25,19,2025-12-16,2025-12-26,,,,
FF251014CN6ONT,ACTIVE,0,2,$25,19,2025-12-16,2025-12-26,,,,
FF25104HTB5Z58,ACTIVE,0,2,$25,19,2025-12-16,2025-12-26,,,,
FF2510TBH5T9PO,ACTIVE,0,2,$25,19,2025-12-16,2025-12-26,,,,
FF2510KB1EXF0P,ACTIVE,0,2,$25,19,2025-12-16,2025-12-26,,,,
FF2510E80NE770,ACTIVE,0,2,$25,19,2025-12-16,2025-12-26,,,,
FF2510VB8MJV1P,ACTIVE,0,2,$25,19,2025-12-16,2025-12-26,,,,
FF251075U082I4,ACTIVE,0,2,$25,19,2025-12-16,2025-12-26,,,,
FF2510WT1NFVHA,ACTIVE,0,2,$25,19,2025-12-16,2025-12-26,,,,
FF2510I5HR8H63,ACTIVE,0,2,$25,19,2025-12-16,2025-12-26,,,,
FF251019R1A1FR,ACTIVE,0,2,$25,19,2025-12-16,2025-12-26,,,,
FF25102HJ00Q36,ACTIVE,0,2,$25,19,2025-12-16,2025-12-26,,,,
FF2510RTN9K1P3,ACTIVE,0,2,$25,19,2025-12-16,2025-12-26,,,,
FF2510DTSVSMIR,ACTIVE,0,2,$25,19,2025-12-16,2025-12-26,,,,
FF2510LHENEDFY,ACTIVE,0,2,$25,19,2025-12-16,2025-12-26,,,,
FF2510Q7KXQTJV,ACTIVE,0,2,$25,19,2025-12-16,2025-12-26,,,,
FF251009CTLYTZ,ACTIVE,0,2,$25,19,2025-12-16,2025-12-26,,,,
FF2510GOG2VMWK,ACTIVE,0,2,$25,19,2025-12-16,2025-12-26,,,,
FF25104CF558LM,ACTIVE,0,2,$25,19,2025-12-16,2025-12-26,,,,
FF25101SEP1YL2,ACTIVE,0,2,$25,19,2025-12-16,2025-12-26,,,,
FF2510GJ4M7THH,ACTIVE,0,2,$25,19,2025-12-16,2025-12-26,,,,
FF2510PDPD61N1,ACTIVE,0,2,$25,19,2025-12-16,2025-12-26,,,,
FF2510TNK0HYUU,ACTIVE,0,2,$25,19,2025-12-16,2025-12-26,,,,
FF2510ANDMY79O,ACTIVE,0,2,$25,19,2025-12-16,2025-12-26,,,,
FF2510AV2W51B0,ACTIVE,0,2,$25,19,2025-12-16,2025-12-26,,,,
FF2510LXM67JBM,ACTIVE,0,2,$25,19,2025-12-16,2025-12-26,,,,
FF2510JK7YTF4M,ACTIVE,0,2,$25,19,2025-12-16,2025-12-26,,,,
FF2510ENAK6IBH,ACTIVE,0,2,$25,19,2025-12-16,2025-12-26,,,,
FF25109LI01QSZ,ACTIVE,0,2,$25,19,2025-12-16,2025-12-26,,,,
FF2510Z1HYFQSS,ACTIVE,0,2,$25,19,2025-12-16,2025-12-26,,,,
FF25106NH5P2S8,ACTIVE,0,2,$25,19,2025-12-16,2025-12-26,,,,
FF25108224HNN0,ACTIVE,0,2,$25,19,2025-12-16,2025-12-26,,,,
FF2510QUNU3MTZ,ACTIVE,0,2,$25,19,2025-12-16,2025-12-26,,,,
FF251095F3B2C5,ACTIVE,0,2,$25,19,2025-12-16,2025-12-26,,,,
FF2510237XL4OR,ACTIVE,0,2,$25,19,2025-12-16,2025-12-26,,,,
FF2510KQPAE0BI,ACTIVE,0,2,$25,19,2025-12-16,2025-12-26,,,,
FF2510JTO61EU7,ACTIVE,0,2,$25,19,2025-12-16,2025-12-26,,,,
FF2510ZT4T3EN8,ACTIVE,0,2,$25,19,2025-12-16,2025-12-26,,,,
FF2510U4L6QQJU,ACTIVE,0,2,$25,19,2025-12-16,2025-12-26,,,,
FF251001SG7MIX,ACTIVE,0,2,$25,19,2025-12-16,2025-12-26,,,,
FF25106GVYKINA,ACTIVE,0,2,$25,19,2025-12-16,2025-12-26,,,,
FF25103KTKBFCN,ACTIVE,0,2,$25,19,2025-12-16,2025-12-26,,,,
FF2510E3DK1Y9B,ACTIVE,0,2,$25,19,2025-12-16,2025-12-26,,,,
FF25104XTL5ZB9,ACTIVE,0,2,$25,19,2025-12-16,2025-12-26,,,,
FF2510J489M7AT,ACTIVE,0,2,$25,19,2025-12-16,2025-12-26,,,,
FF2510LTDXFULS,ACTIVE,0,2,$25,19,2025-12-16,2025-12-26,,,,
FF2510HGHC1Q8B,ACTIVE,0,2,$25,19,2025-12-16,2025-12-26,,,,
FF2510396OWLDY,ACTIVE,0,2,$25,19,2025-12-16,2025-12-26,,,,
FF251029OX3UW0,ACTIVE,0,2,$25,19,2025-12-16,2025-12-26,,,,
FF2510LAJQUHVY,ACTIVE,0,2,$25,19,2025-12-16,2025-12-26,,,,
FF2510BFEMUDS8,ACTIVE,0,2,$25,19,2025-12-16,2025-12-26,,,,
FF2510BH37O8LP,ACTIVE,0,2,$25,19,2025-12-16,2025-12-26,,,,
FF2510LMTVPZ0B,ACTIVE,0,2,$25,19,2025-12-16,2025-12-26,,,,
FF2510P9ZIM89L,ACTIVE,0,2,$25,19,2025-12-16,2025-12-26,,,,
FF251083QRV2RN,ACTIVE,0,2,$25,19,2025-12-16,2025-12-26,,,,
FF2510KW4MRYSB,ACTIVE,0,2,$25,19,2025-12-16,2025-12-26,,,,
FF2510PKJJV5LK,ACTIVE,0,2,$25,19,2025-12-16,2025-12-26,,,,
FF251049FWHAUH,ACTIVE,0,2,$25,19,2025-12-16,2025-12-26,,,,
FF25109SNJ9XIE,ACTIVE,0,2,$25,19,2025-12-16,2025-12-26,,,,
FF2510WTMILKIQ,ACTIVE,0,2,$25,19,2025-12-16,2025-12-26,,,,
FF25102IHL6EV3,ACTIVE,0,2,$25,19,2025-12-16,2025-12-26,,,,
FF25102ROYCML5,ACTIVE,0,2,$25,19,2025-12-16,2025-12-26,,,,
FF251053A4OZ4Q,ACTIVE,0,2,$25,19,2025-12-16,2025-12-26,,,,
FF2510ZAQ9G0NF,ACTIVE,0,2,$25,19,2025-12-16,2025-12-26,,,,
FF2510IETX3985,ACTIVE,0,2,$25,19,2025-12-16,2025-12-26,,,,
FF2510V5P5KDQQ,ACTIVE,0,2,$25,19,2025-12-16,2025-12-26,,,,
FF2510LEDGSHJV,ACTIVE,0,2,$25,19,2025-12-16,2025-12-26,,,,
FF2510Z79XRRE9,ACTIVE,0,2,$25,19,2025-12-16,2025-12-26,,,,
FF2510XH78J42O,ACTIVE,0,2,$25,19,2025-12-16,2025-12-26,,,,
FF2510BBR7SBYZ,ACTIVE,0,2,$25,19,2025-12-16,2025-12-26,,,,
FF2510G3UKNTPZ,ACTIVE,0,2,$25,19,2025-12-16,2025-12-26,,,,
FF25102A2RXLRC,ACTIVE,0,2,$25,19,2025-12-16,2025-12-26,,,,
FF2510X0Y35WKX,ACTIVE,0,2,$25,19,2025-12-16,2025-12-26,,,,
FF251004IRWHX8,ACTIVE,0,2,$25,19,2025-12-16,2025-12-26,,,,
FF2510ZRGRF405,ACTIVE,0,2,$25,19,2025-12-16,2025-12-26,,,,
FF2510OWDZP6YT,ACTIVE,0,2,$25,19,2025-12-16,2025-12-26,,,,
FF25108ON9CW32,ACTIVE,0,2,$25,19,2025-12-16,2025-12-26,,,,
FF2510TD2JBNKH,ACTIVE,0,2,$25,19,2025-12-16,2025-12-26,,,,
FF2510GXMUU7P2,ACTIVE,0,2,$25,19,2025-12-16,2025-12-26,,,,
FF2510117FMG1R,ACTIVE,0,2,$25,19,2025-12-16,2025-12-26,,,,
FF2510IUW8JY1N,ACTIVE,0,2,$25,19,2025-12-16,2025-12-26,,,,
FF2510RZ5OKMPX,ACTIVE,0,2,$25,19,2025-12-16,2025-12-26,,,,
FF2510SBSHE53R,ACTIVE,0,2,$25,19,2025-12-16,2025-12-26,,,,
FF2510G30BGPSW,ACTIVE,0,2,$25,19,2025-12-16,2025-12-26,,,,
FF2510XPULPFIJ,ACTIVE,0,2,$25,19,2025-12-16,2025-12-26,,,,
FF2510BP3XY7MX,ACTIVE,0,2,$25,19,2025-12-16,2025-12-26,,,,
FF2510F03XWK5J,ACTIVE,0,2,$25,19,2025-12-16,2025-12-26,,,,
FF25108V12Z3JN,ACTIVE,0,2,$25,19,2025-12-16,2025-12-26,,,,
FF2510SIR4N53X,ACTIVE,0,2,$25,19,2025-12-16,2025-12-26,,,,
FF2510622LZPTV,ACTIVE,0,2,$25,19,2025-12-16,2025-12-26,,,,
FF2510GAM1DI9M,ACTIVE,0,2,$25,19,2025-12-16,2025-12-26,,,,
FF25107QLB63L0,ACTIVE,0,2,$25,19,2025-12-16,2025-12-26,,,,
FF25109PDK2OU7,ACTIVE,0,2,$25,19,2025-12-16,2025-12-26,,,,
FF2510CIQELHE4,ACTIVE,0,2,$25,19,2025-12-16,2025-12-26,,,,
FF2510D2IJ2UA5,ACTIVE,0,2,$25,19,2025-12-16,2025-12-26,,,,
FF2510S4Z7CCNR,ACTIVE,0,2,$25,19,2025-12-16,2025-12-26,,,,
FF2510HG0VBGFV,ACTIVE,0,2,$25,19,2025-12-16,2025-12-26,,,,
FF2510MS7Z2U9O,ACTIVE,0,2,$25,19,2025-12-16,2025-12-26,,,,
FF2510ELN094RM,ACTIVE,0,2,$25,19,2025-12-16,2025-12-26,,,,
FF2510ID3B7BTA,ACTIVE,0,2,$25,19,2025-12-16,2025-12-26,,,,
FF251098DK39JC,ACTIVE,0,2,$25,19,2025-12-16,2025-12-26,,,,
FF25102YAGQM33,ACTIVE,0,2,$25,19,2025-12-16,2025-12-26,,,,
FF251091P2VV9U,ACTIVE,0,2,$25,19,2025-12-16,2025-12-26,,,,
FF2510J629C8LV,ACTIVE,0,2,$25,19,2025-12-16,2025-12-26,,,,
FF2510R3CFNI1Z,ACTIVE,0,2,$25,19,2025-12-16,2025-12-26,,,,
FF2510I7DWCD9H,ACTIVE,0,2,$25,19,2025-12-16,2025-12-26,,,,
FF2510H9FZQET1,ACTIVE,0,2,$25,19,2025-12-16,2025-12-26,,,,
FF2510C4VBGLDI,ACTIVE,0,2,$25,19,2025-12-16,2025-12-26,,,,
FF25106K8G7GO4,ACTIVE,0,2,$25,19,2025-12-16,2025-12-26,,,,
FF2510JXJ0D0AS,ACTIVE,0,2,$25,19,2025-12-16,2025-12-26,,,,
FF2510EQGB42QX,ACTIVE,0,2,$25,19,2025-12-16,2025-12-26,,,,
FF2510XHYOQXOU,ACTIVE,0,2,$25,19,2025-12-16,2025-12-26,,,,
FF251095O8TVBY,ACTIVE,0,2,$25,19,2025-12-16,2025-12-26,,,,
FF2510K1CKJ2EV,ACTIVE,0,2,$25,19,2025-12-16,2025-12-26,,,,
FF2510KO6RLC7X,ACTIVE,0,2,$25,19,2025-12-16,2025-12-26,,,,
FF25100DM4OKH4,ACTIVE,0,2,$25,19,2025-12-16,2025-12-26,,,,
FF2510YCQNCCA1,ACTIVE,0,2,$25,19,2025-12-16,2025-12-26,,,,
FF251057Z6GLHG,ACTIVE,0,2,$25,19,2025-12-16,2025-12-26,,,,
FF25105NM72T7R,ACTIVE,0,2,$25,19,2025-12-16,2025-12-26,,,,
FF2510WASV10VV,ACTIVE,0,2,$25,19,2025-12-16,2025-12-26,,,,
FF2510B62SWSYK,ACTIVE,0,2,$25,19,2025-12-16,2025-12-26,,,,
FF2510ZFXJGPTI,ACTIVE,0,2,$25,19,2025-12-16,2025-12-26,,,,
FF2510L0BDIPAD,ACTIVE,0,2,$25,19,2025-12-16,2025-12-26,,,,
FF2510PCW2CHER,ACTIVE,0,2,$25,19,2025-12-16,2025-12-26,,,,
FF2510CIA7LD5O,ACTIVE,0,2,$25,19,2025-12-16,2025-12-26,,,,
FF2510YFGHXANC,ACTIVE,0,2,$25,19,2025-12-16,2025-12-26,,,,
FF2510O2PN8O8E,ACTIVE,0,2,$25,19,2025-12-16,2025-12-26,,,,
FF2510LXGZM59W,ACTIVE,0,2,$25,19,2025-12-16,2025-12-26,,,,
FF2510592CO1WR,ACTIVE,0,2,$25,19,2025-12-16,2025-12-26,,,,
FF2510LT4BV9LG,ACTIVE,0,2,$25,19,2025-12-16,2025-12-26,,,,
FF2510N3G6OXL0,ACTIVE,0,2,$25,19,2025-12-16,2025-12-26,,,,
FF25105SJ9J7LA,ACTIVE,0,2,$25,19,2025-12-16,2025-12-26,,,,
FF2510UT1QC3QO,ACTIVE,0,2,$25,19,2025-12-16,2025-12-26,,,,
FF25109KG0I3TQ,ACTIVE,0,2,$25,19,2025-12-16,2025-12-26,,,,
FF2510LP5PSRY4,ACTIVE,0,2,$25,19,2025-12-16,2025-12-26,,,,
FF2510DVB99EDS,ACTIVE,0,2,$25,19,2025-12-16,2025-12-26,,,,
FF2510STYGFKVP,ACTIVE,0,2,$25,19,2025-12-16,2025-12-26,,,,
FF2510J9DICAAM,ACTIVE,0,2,$25,19,2025-12-16,2025-12-26,,,,
FF25102BZSDCKS,ACTIVE,0,2,$25,19,2025-12-16,2025-12-26,,,,
FF2510PDMX6KW6,ACTIVE,0,2,$25,19,2025-12-16,2025-12-26,,,,
FF251019I6RIKA,ACTIVE,0,2,$25,19,2025-12-16,2025-12-26,,,,
FF251080Y2DW2Q,ACTIVE,0,2,$25,19,2025-12-16,2025-12-26,,,,
FF2510OLAGVJ2G,ACTIVE,0,2,$25,19,2025-12-16,2025-12-26,,,,
FF2510VISMF3E4,ACTIVE,0,2,$25,19,2025-12-16,2025-12-26,,,,
FF2510RWZGB69J,ACTIVE,0,2,$25,19,2025-12-16,2025-12-26,,,,
FF251088OD7V9W,ACTIVE,0,2,$25,19,2025-12-16,2025-12-26,,,,
FF2510L7BZQUWA,ACTIVE,0,2,$25,19,2025-12-16,2025-12-26,,,,
FF25103J0SO5BK,ACTIVE,0,2,$25,19,2025-12-16,2025-12-26,,,,
FF25106HCVRAL1,ACTIVE,0,2,$25,19,2025-12-16,2025-12-26,,,,
FF2510JOOVZBAE,ACTIVE,0,2,$25,19,2025-12-16,2025-12-26,,,,
FF2510LT0L381A,ACTIVE,0,2,$25,19,2025-12-16,2025-12-26,,,,
FF2510S89R89ED,ACTIVE,0,2,$25,19,2025-12-16,2025-12-26,,,,
FF2510U73G5XIT,ACTIVE,0,2,$25,19,2025-12-16,2025-12-26,,,,
FF25102DGF0GAC,ACTIVE,0,2,$25,19,2025-12-16,2025-12-26,,,,
FF25104L0FG65L,ACTIVE,0,2,$25,19,2025-12-16,2025-12-26,,,,
FF2510EIA6YR07,ACTIVE,0,2,$25,19,2025-12-16,2025-12-26,,,,
FF2510J6GD7COM,ACTIVE,0,2,$25,19,2025-12-16,2025-12-26,,,,
FF251061PH9XGF,ACTIVE,0,2,$25,19,2025-12-16,2025-12-26,,,,
FF2510VP5AAVCB,ACTIVE,0,2,$25,19,2025-12-16,2025-12-26,,,,
FF2510HNF5WHZH,ACTIVE,0,2,$25,19,2025-12-16,2025-12-26,,,,
FF2510CH3NJ68K,ACTIVE,0,2,$25,19,2025-12-16,2025-12-26,,,,
FF2510VXPB9FRJ,ACTIVE,0,2,$25,19,2025-12-16,2025-12-26,,,,
FF25109K5W0MG9,ACTIVE,0,2,$25,19,2025-12-16,2025-12-26,,,,
FF25100JWOAJ0G,ACTIVE,0,2,$25,19,2025-12-16,2025-12-26,,,,
FF2510NI5LA542,ACTIVE,0,2,$25,19,2025-12-16,2025-12-26,,,,
FF2510V6YVXYBQ,ACTIVE,0,2,$25,19,2025-12-16,2025-12-26,,,,
FF2510ISQ5LWLJ,ACTIVE,0,2,$25,19,2025-12-16,2025-12-26,,,,
FF2510Q00VIV8L,ACTIVE,0,2,$25,19,2025-12-16,2025-12-26,,,,
FF2510DWAX3PWN,ACTIVE,0,2,$25,19,2025-12-16,2025-12-26,,,,
FF2510CY5Q76U5,ACTIVE,0,2,$25,19,2025-12-16,2025-12-26,,,,
FF2510S6B5J9GU,ACTIVE,0,2,$25,19,2025-12-16,2025-12-26,,,,
FF2510OTZE5C71,ACTIVE,0,2,$25,19,2025-12-16,2025-12-26,,,,
FF2510X0SBB85Z,ACTIVE,0,2,$25,19,2025-12-16,2025-12-26,,,,
FF25102019B97L,ACTIVE,0,2,$25,19,2025-12-16,2025-12-26,,,,
FF2510DKEJX34D,ACTIVE,0,2,$25,19,2025-12-16,2025-12-26,,,,
FF2510EXQ7M9YQ,ACTIVE,0,2,$25,19,2025-12-16,2025-12-26,,,,
FF251068OENSP6,ACTIVE,0,2,$25,19,2025-12-16,2025-12-26,,,,
FF2510L85IX0LO,ACTIVE,0,2,$25,19,2025-12-16,2025-12-26,,,,
FF25108SAHD7Z5,ACTIVE,0,2,$25,19,2025-12-16,2025-12-26,,,,
FF2510NXLFQXVD,ACTIVE,0,2,$25,19,2025-12-16,2025-12-26,,,,
FF2510N6ASCCZH,ACTIVE,0,2,$25,19,2025-12-16,2025-12-26,,,,
FF2510S6IV4419,ACTIVE,0,2,$25,19,2025-12-16,2025-12-26,,,,
FF2510BZSCDZIG,ACTIVE,0,2,$25,19,2025-12-16,2025-12-26,,,,
FF25108EF487ZG,ACTIVE,0,2,$25,19,2025-12-16,2025-12-26,,,,
FF2510C6XSTOTJ,ACTIVE,0,2,$25,19,2025-12-16,2025-12-26,,,,
FF2510H2Q3KG8A,ACTIVE,0,2,$25,19,2025-12-16,2025-12-26,,,,
FF2510GHEZBQZV,ACTIVE,0,2,$25,19,2025-12-16,2025-12-26,,,,
FF251013WSXCTH,ACTIVE,0,2,$25,19,2025-12-16,2025-12-26,,,,
FF25102U11D970,ACTIVE,0,2,$25,19,2025-12-16,2025-12-26,,,,
FF2510TTU67IEQ,ACTIVE,0,2,$25,19,2025-12-16,2025-12-26,,,,
FF25107DTKA84J,ACTIVE,0,2,$25,19,2025-12-16,2025-12-26,,,,
FF2510LS80FPOR,ACTIVE,0,2,$25,19,2025-12-16,2025-12-26,,,,
FF2510HHGG7D34,ACTIVE,0,2,$25,19,2025-12-16,2025-12-26,,,,
FF2510OBWCN4DM,ACTIVE,0,2,$25,19,2025-12-16,2025-12-26,,,,
FF2510F4IA7AH6,ACTIVE,0,2,$25,19,2025-12-16,2025-12-26,,,,
FF2510GU92K4Q3,ACTIVE,0,2,$25,19,2025-12-16,2025-12-26,,,,
FF2510O6JOQID9,ACTIVE,0,2,$25,19,2025-12-16,2025-12-26,,,,
FF2510PU3XHEWH,ACTIVE,0,2,$25,19,2025-12-16,2025-12-26,,,,
FF2510QC8BWBJG,ACTIVE,0,2,$25,19,2025-12-16,2025-12-26,,,,
FF25104Y8ISY9I,ACTIVE,0,2,$25,19,2025-12-16,2025-12-26,,,,
FF2510H5G36G3Z,ACTIVE,0,2,$25,19,2025-12-16,2025-12-26,,,,
FF2510E422D20Y,ACTIVE,0,2,$25,19,2025-12-16,2025-12-26,,,,
FF25108J95G5R5,ACTIVE,0,2,$25,19,2025-12-16,2025-12-26,,,,
FF2510UHUE32PA,ACTIVE,0,2,$25,19,2025-12-16,2025-12-26,,,,
FF25108MFL958K,ACTIVE,0,2,$25,19,2025-12-16,2025-12-26,,,,
FF251073Q51KGW,ACTIVE,0,2,$25,19,2025-12-16,2025-12-26,,,,
FF2510H4VETATN,ACTIVE,0,2,$25,19,2025-12-16,2025-12-26,,,,
FF2510XNRB6RVA,ACTIVE,0,2,$25,19,2025-12-16,2025-12-26,,,,
FF2510IAOHUOPQ,ACTIVE,0,2,$25,19,2025-12-16,2025-12-26,,,,
FF25106XFRPOSW,ACTIVE,0,2,$25,19,2025-12-16,2025-12-26,,,,
FF2510Q6STUVWB,ACTIVE,0,2,$25,19,2025-12-16,2025-12-26,,,,
FF2510U1P1FGO1,ACTIVE,0,2,$25,19,2025-12-16,2025-12-26,,,,
FF25101BMF7B0G,ACTIVE,0,2,$25,19,2025-12-16,2025-12-26,,,,
FF2510LKIAPO7C,ACTIVE,0,2,$25,19,2025-12-16,2025-12-26,,,,
FF2510AYZ8Y4TP,ACTIVE,0,2,$25,19,2025-12-16,2025-12-26,,,,
FF2510DDKZUEYA,ACTIVE,0,2,$25,19,2025-12-16,2025-12-26,,,,
FF2510ZY51E25I,ACTIVE,0,2,$25,19,2025-12-16,2025-12-26,,,,
FF2510D6NEDIIC,ACTIVE,0,2,$25,19,2025-12-16,2025-12-26,,,,
FF2510YMRA8RGQ,ACTIVE,0,2,$25,19,2025-12-16,2025-12-26,,,,
FF2510F98N0ONL,ACTIVE,0,2,$25,19,2025-12-16,2025-12-26,,,,
FF2510EE9QPQAR,ACTIVE,0,2,$25,19,2025-12-16,2025-12-26,,,,
FF2510ZK4EMKV3,ACTIVE,0,2,$25,19,2025-12-16,2025-12-26,,,,
FF2510UU9UOFS8,ACTIVE,0,2,$25,19,2025-12-16,2025-12-26,,,,
FF2510TDRKJLRW,ACTIVE,0,2,$25,19,2025-12-16,2025-12-26,,,,
FF2510QBQ2GV6A,ACTIVE,0,2,$25,19,2025-12-16,2025-12-26,,,,
FF2510AZ2EX55I,ACTIVE,0,2,$25,19,2025-12-16,2025-12-26,,,,
FF2510V99DWT1S,ACTIVE,0,2,$25,19,2025-12-16,2025-12-26,,,,
FF2510MB530IS0,ACTIVE,0,2,$25,19,2025-12-16,2025-12-26,,,,
FF2510JSKALXR2,ACTIVE,0,2,$25,19,2025-12-16,2025-12-26,,,,
FF2510V6UHDXBU,ACTIVE,0,2,$25,19,2025-12-16,2025-12-26,,,,
FF2510J7ISGA0W,ACTIVE,0,2,$25,19,2025-12-16,2025-12-26,,,,
FF2510XDJ7GQW7,ACTIVE,0,2,$25,19,2025-12-16,2025-12-26,,,,
FF2510A3C15FIK,ACTIVE,0,2,$25,19,2025-12-16,2025-12-26,,,,
FF2510VS343BY0,ACTIVE,0,2,$25,19,2025-12-16,2025-12-26,,,,
FF2510O4YW7768,ACTIVE,0,2,$25,19,2025-12-16,2025-12-26,,,,
FF2510603T346V,ACTIVE,0,2,$25,19,2025-12-16,2025-12-26,,,,
FF2510KAQ72EMX,ACTIVE,0,2,$25,19,2025-12-16,2025-12-26,,,,
FF25102JN75HN0,ACTIVE,0,2,$25,19,2025-12-16,2025-12-26,,,,
FF2510WGLUDPBR,ACTIVE,0,2,$25,19,2025-12-16,2025-12-26,,,,
FF25105JT50SQT,ACTIVE,0,2,$25,19,2025-12-16,2025-12-26,,,,
FF251096AYB6ZG,ACTIVE,0,2,$25,19,2025-12-16,2025-12-26,,,,
FF2510C5P10KZB,ACTIVE,0,2,$25,19,2025-12-16,2025-12-26,,,,
FF2510I2XNCLVK,ACTIVE,0,2,$25,19,2025-12-16,2025-12-26,,,,
FF2510AWYCLB5O,ACTIVE,0,2,$25,19,2025-12-16,2025-12-26,,,,
FF2510Z1EC4FM4,ACTIVE,0,2,$25,19,2025-12-16,2025-12-26,,,,
FF2510FYPMI1JL,ACTIVE,0,2,$25,19,2025-12-16,2025-12-26,,,,
FF2510A54X1USJ,ACTIVE,0,2,$25,19,2025-12-16,2025-12-26,,,,
FF2510JKVS8KDS,ACTIVE,0,2,$25,19,2025-12-16,2025-12-26,,,,
FF2510CSGGW4JD,ACTIVE,0,2,$25,19,2025-12-16,2025-12-26,,,,
FF2510A2U0UY7A,ACTIVE,0,2,$25,19,2025-12-16,2025-12-26,,,,
FF2510MN940ERA,ACTIVE,0,2,$25,19,2025-12-16,2025-12-26,,,,
FF25108Y0XK1RU,ACTIVE,0,2,$25,19,2025-12-16,2025-12-26,,,,
FF2510OO0N77QL,ACTIVE,0,2,$25,19,2025-12-16,2025-12-26,,,,
FF2510ON6S4HFD,ACTIVE,0,2,$25,19,2025-12-16,2025-12-26,,,,
FF2510R4V7NFCX,ACTIVE,0,2,$25,19,2025-12-16,2025-12-26,,,,
FF2510QJQLA9KO,ACTIVE,0,2,$25,19,2025-12-16,2025-12-26,,,,
FF2510C2HKOMWC,ACTIVE,0,2,$25,19,2025-12-16,2025-12-26,,,,
FF251089A6FT83,ACTIVE,0,2,$25,19,2025-12-16,2025-12-26,,,,
FF25103HU83LXR,ACTIVE,0,2,$25,19,2025-12-16,2025-12-26,,,,
FF2510B4FEO7FX,ACTIVE,0,2,$25,19,2025-12-16,2025-12-26,,,,
FF2510EZE7WXPL,ACTIVE,0,2,$25,19,2025-12-16,2025-12-26,,,,
FF2510RMBFYLZD,ACTIVE,0,2,$25,19,2025-12-16,2025-12-26,,,,
FF25107TD5HS24,ACTIVE,0,2,$25,19,2025-12-16,2025-12-26,,,,
FF2510GL7N3917,ACTIVE,0,2,$25,19,2025-12-16,2025-12-26,,,,
FF251048MRVIPA,ACTIVE,0,2,$25,19,2025-12-16,2025-12-26,,,,
FF2510NWS93YEO,ACTIVE,0,2,$25,19,2025-12-16,2025-12-26,,,,
FF251023ZC56RC,ACTIVE,0,2,$25,19,2025-12-16,2025-12-26,,,,
FF2510Q3TCDZBA,ACTIVE,0,2,$25,19,2025-12-16,2025-12-26,,,,
FF2510ZTEZU4T5,ACTIVE,0,2,$25,19,2025-12-16,2025-12-26,,,,
FF251074GD5MD2,ACTIVE,0,2,$25,19,2025-12-16,2025-12-26,,,,
FF25106AHSBXQD,ACTIVE,0,2,$25,19,2025-12-16,2025-12-26,,,,
FF2510OJ4IH5IH,ACTIVE,0,2,$25,19,2025-12-16,2025-12-26,,,,
FF2510UVM33T2G,ACTIVE,0,2,$25,19,2025-12-16,2025-12-26,,,,
FF25109VIKDMWR,ACTIVE,0,2,$25,19,2025-12-16,2025-12-26,,,,
FF2510POCR9HWN,ACTIVE,0,2,$25,19,2025-12-16,2025-12-26,,,,
FF2510N90SEJEB,ACTIVE,0,2,$25,19,2025-12-16,2025-12-26,,,,
FF2510URNCLROA,ACTIVE,0,2,$25,19,2025-12-16,2025-12-26,,,,
FF2510E04HVV3Y,ACTIVE,0,2,$25,19,2025-12-16,2025-12-26,,,,
FF2510D2NJZH2W,ACTIVE,0,2,$25,19,2025-12-16,2025-12-26,,,,
FF2510DYLX80VS,ACTIVE,0,2,$25,19,2025-12-16,2025-12-26,,,,
FF2510521G1OG8,ACTIVE,0,2,$25,19,2025-12-16,2025-12-26,,,,
FF2510JSRZZ50S,ACTIVE,0,2,$25,19,2025-12-16,2025-12-26,,,,
FF2510NNEL45R8,ACTIVE,0,2,$25,19,2025-12-16,2025-12-26,,,,
FF2510DVFU7I1E,ACTIVE,0,2,$25,19,2025-12-16,2025-12-26,,,,
FF2510SPS69YVK,ACTIVE,0,2,$25,19,2025-12-16,2025-12-26,,,,
FF2510H5NZ2YIK,ACTIVE,0,2,$25,19,2025-12-16,2025-12-26,,,,
FF251026TXHW3G,ACTIVE,0,2,$25,19,2025-12-16,2025-12-26,,,,
FF2510TA44CZDO,ACTIVE,0,2,$25,19,2025-12-16,2025-12-26,,,,
FF2510S0FN3IZD,ACTIVE,0,2,$25,19,2025-12-16,2025-12-26,,,,
FF2510VM7ITIGI,ACTIVE,0,2,$25,19,2025-12-16,2025-12-26,,,,
FF25105OO00DRN,ACTIVE,0,2,$25,19,2025-12-16,2025-12-26,,,,
FF2510KF4ORTWZ,ACTIVE,0,2,$25,19,2025-12-16,2025-12-26,,,,
FF2510KRANWFLU,ACTIVE,0,2,$25,19,2025-12-16,2025-12-26,,,,
FF2510B9P8BCTV,ACTIVE,0,2,$25,19,2025-12-16,2025-12-26,,,,
FF2510DM39FMWU,ACTIVE,0,2,$25,19,2025-12-16,2025-12-26,,,,
FF2510I0YB7WZ9,ACTIVE,0,2,$25,19,2025-12-16,2025-12-26,,,,
FF2510NP8II332,ACTIVE,0,2,$25,19,2025-12-16,2025-12-26,,,,
FF25101AWJCKWQ,ACTIVE,0,2,$25,19,2025-12-16,2025-12-26,,,,
FF2510YKHB4DU8,ACTIVE,0,2,$25,19,2025-12-16,2025-12-26,,,,
FF25107OXDVTWL,ACTIVE,0,2,$25,19,2025-12-16,2025-12-26,,,,
FF2510CGCBBS24,ACTIVE,0,2,$25,19,2025-12-16,2025-12-26,,,,
FF2510EH1OUTKP,ACTIVE,0,2,$25,19,2025-12-16,2025-12-26,,,,
FF2510FUPAPAKA,ACTIVE,0,2,$25,19,2025-12-16,2025-12-26,,,,
FF2510OYXMVJFN,ACTIVE,0,2,$25,19,2025-12-16,2025-12-26,,,,
FF251033NWRPR7,ACTIVE,0,2,$25,19,2025-12-16,2025-12-26,,,,
FF251061U7LAC7,ACTIVE,0,2,$25,19,2025-12-16,2025-12-26,,,,
FF2510EOCQXSN8,ACTIVE,0,2,$25,19,2025-12-16,2025-12-26,,,,
FF2510ZZFS96UW,ACTIVE,0,2,$25,19,2025-12-16,2025-12-26,,,,
FF2510KSYG92DH,ACTIVE,0,2,$25,19,2025-12-16,2025-12-26,,,,
FF2510SDOFUPE7,ACTIVE,0,2,$25,19,2025-12-16,2025-12-26,,,,
FF2510AS1DRQQW,ACTIVE,0,2,$25,19,2025-12-16,2025-12-26,,,,
FF2510849R05VM,ACTIVE,0,2,$25,19,2025-12-16,2025-12-26,,,,
FF2510VV7CPYPE,ACTIVE,0,2,$25,19,2025-12-16,2025-12-26,,,,
FF2510SRY8LDJ1,ACTIVE,0,2,$25,19,2025-12-16,2025-12-26,,,,
FF2510M68VLN3N,ACTIVE,0,2,$25,19,2025-12-16,2025-12-26,,,,
FF2510DIX1NZNL,ACTIVE,0,2,$25,19,2025-12-16,2025-12-26,,,,
FF25105LWCH0W6,ACTIVE,0,2,$25,19,2025-12-16,2025-12-26,,,,
FF25103DQOQU3K,ACTIVE,0,2,$25,19,2025-12-16,2025-12-26,,,,
FF25106EB3UJTA,ACTIVE,0,2,$25,19,2025-12-16,2025-12-26,,,,
FF2510023OR6KX,ACTIVE,0,2,$25,19,2025-12-16,2025-12-26,,,,
FF25103NKCKKLD,ACTIVE,0,2,$25,19,2025-12-16,2025-12-26,,,,
FF25100G2658FJ,ACTIVE,0,2,$25,19,2025-12-16,2025-12-26,,,,
FF2510PCPAEFOM,ACTIVE,0,2,$25,19,2025-12-16,2025-12-26,,,,
FF2510G4Y8J1XP,ACTIVE,0,2,$25,19,2025-12-16,2025-12-26,,,,
FF2510R0ATFTN2,ACTIVE,0,2,$25,19,2025-12-16,2025-12-26,,,,
FF25107E08YB2R,ACTIVE,0,2,$25,19,2025-12-16,2025-12-26,,,,
FF2510TCF63ZGL,ACTIVE,0,2,$25,19,2025-12-16,2025-12-26,,,,
FF2510GAIOO9D9,ACTIVE,0,2,$25,19,2025-12-16,2025-12-26,,,,
FF2510BY5RZZN5,ACTIVE,0,2,$25,19,2025-12-16,2025-12-26,,,,
FF25103WOSX3J3,ACTIVE,0,2,$25,19,2025-12-16,2025-12-26,,,,
FF25107W3FS8VE,ACTIVE,0,2,$25,19,2025-12-16,2025-12-26,,,,
FF2510TCEV4MPJ,ACTIVE,0,2,$25,19,2025-12-16,2025-12-26,,,,
FF2510JBB9L0YN,ACTIVE,0,2,$25,19,2025-12-16,2025-12-26,,,,
FF2510WMSK5HZ1,ACTIVE,0,2,$25,19,2025-12-16,2025-12-26,,,,
FF2510HGE75VIV,ACTIVE,0,2,$25,19,2025-12-16,2025-12-26,,,,
FF2510M2NBUITN,ACTIVE,0,2,$25,19,2025-12-16,2025-12-26,,,,
FF251093CZZFVE,ACTIVE,0,2,$25,19,2025-12-16,2025-12-26,,,,
FF2510IU446CRM,ACTIVE,0,2,$25,19,2025-12-16,2025-12-26,,,,
FF2510MMA96V4L,ACTIVE,0,2,$25,19,2025-12-16,2025-12-26,,,,
FF2510MG4AM0I0,ACTIVE,0,2,$25,19,2025-12-16,2025-12-26,,,,
FF2510BIG3X7NY,ACTIVE,0,2,$25,19,2025-12-16,2025-12-26,,,,
FF25109K3D0WE6,ACTIVE,0,2,$25,19,2025-12-16,2025-12-26,,,,
FF2510D94D5VY8,ACTIVE,0,2,$25,19,2025-12-16,2025-12-26,,,,
FF25100IO6C1AS,ACTIVE,0,2,$25,19,2025-12-16,2025-12-26,,,,
FF2510W1IV16IF,ACTIVE,0,2,$25,19,2025-12-16,2025-12-26,,,,
FF2510IPF139UY,ACTIVE,0,2,$25,19,2025-12-16,2025-12-26,,,,
FF251010LS8GEM,ACTIVE,0,2,$25,19,2025-12-16,2025-12-26,,,,
FF2510SVGPL8XB,ACTIVE,0,2,$25,19,2025-12-16,2025-12-26,,,,
FF25106CRE42N4,ACTIVE,0,2,$25,19,2025-12-16,2025-12-26,,,,
FF2510QGE5BXZ0,ACTIVE,0,2,$25,19,2025-12-16,2025-12-26,,,,
FF2510A030QGHR,ACTIVE,0,2,$25,19,2025-12-16,2025-12-26,,,,
FF2510BACI2SLH,ACTIVE,0,2,$25,19,2025-12-16,2025-12-26,,,,
FF251006Q47T7O,ACTIVE,0,2,$25,19,2025-12-16,2025-12-26,,,,
FF2510S2KI7R23,ACTIVE,0,2,$25,19,2025-12-16,2025-12-26,,,,
FF2510Y4D2OMJC,ACTIVE,0,2,$25,19,2025-12-16,2025-12-26,,,,
FF25108UVHKQ2O,ACTIVE,0,2,$25,19,2025-12-16,2025-12-26,,,,
FF2510CV5WEZTW,ACTIVE,0,2,$25,19,2025-12-16,2025-12-26,,,,
FF2510W0V3SCFA,ACTIVE,0,2,$25,19,2025-12-16,2025-12-26,,,,
FF25102PBI4EHL,ACTIVE,0,2,$25,19,2025-12-16,2025-12-26,,,,
FF25106ZAYL29Q,ACTIVE,0,2,$25,19,2025-12-16,2025-12-26,,,,
FF2510X85YDL2U,ACTIVE,0,2,$25,19,2025-12-16,2025-12-26,,,,
FF2510FG4VCN4C,ACTIVE,0,2,$25,19,2025-12-16,2025-12-26,,,,
FF25108S7049X0,ACTIVE,0,2,$25,19,2025-12-16,2025-12-26,,,,
FF2510SYB222PK,ACTIVE,0,2,$25,19,2025-12-16,2025-12-26,,,,
FF2510DVH100UD,ACTIVE,0,2,$25,19,2025-12-16,2025-12-26,,,,
FF2510N1E1DF4Y,ACTIVE,0,2,$25,19,2025-12-16,2025-12-26,,,,
FF2510IAZC3VBM,ACTIVE,0,2,$25,19,2025-12-16,2025-12-26,,,,
FF2510CKR5T6RY,ACTIVE,0,2,$25,19,2025-12-16,2025-12-26,,,,
FF2510IL20MCWN,ACTIVE,0,2,$25,19,2025-12-16,2025-12-26,,,,
FF2510MYOD2TD2,ACTIVE,0,2,$25,19,2025-12-16,2025-12-26,,,,
FF25105SZQYDZ5,ACTIVE,0,2,$25,19,2025-12-16,2025-12-26,,,,
FF2510ZBEURKP7,ACTIVE,0,2,$25,19,2025-12-16,2025-12-26,,,,
FF25109ZJVCCCO,ACTIVE,0,2,$25,19,2025-12-16,2025-12-26,,,,
FF2510RW5B7XNS,ACTIVE,0,2,$25,19,2025-12-16,2025-12-26,,,,
FF2510S6D5XID6,ACTIVE,0,2,$25,19,2025-12-16,2025-12-26,,,,
FF2510D4U7QWK5,ACTIVE,0,2,$25,19,2025-12-16,2025-12-26,,,,
FF2510GN1YZAAH,ACTIVE,0,2,$25,19,2025-12-16,2025-12-26,,,,
FF2510CYB1D49I,ACTIVE,0,2,$25,19,2025-12-16,2025-12-26,,,,
FF25105IJKIL06,ACTIVE,0,2,$25,19,2025-12-16,2025-12-26,,,,
FF2510VGQ807Z5,ACTIVE,0,2,$25,19,2025-12-16,2025-12-26,,,,
FF2510U0CSIIHC,ACTIVE,0,2,$25,19,2025-12-16,2025-12-26,,,,
FF2510YQ5Z3AVZ,ACTIVE,0,2,$25,19,2025-12-16,2025-12-26,,,,
FF2510171WLTIN,ACTIVE,0,2,$25,19,2025-12-16,2025-12-26,,,,
FF251064TGT83D,ACTIVE,0,2,$25,19,2025-12-16,2025-12-26,,,,
FF2510QE0W4MLV,ACTIVE,0,2,$25,19,2025-12-16,2025-12-26,,,,
FF2510PHAI4A9U,ACTIVE,0,2,$25,19,2025-12-16,2025-12-26,,,,
FF2510YKTNX894,ACTIVE,0,2,$25,19,2025-12-16,2025-12-26,,,,
FF2510B8SVF6J9,ACTIVE,0,2,$25,19,2025-12-16,2025-12-26,,,,
FF2510I4D29Q7Q,ACTIVE,0,2,$25,19,2025-12-16,2025-12-26,,,,
FF25106ZLV75UZ,ACTIVE,0,2,$25,19,2025-12-16,2025-12-26,,,,
FF25109Q10TRQV,ACTIVE,0,2,$25,19,2025-12-16,2025-12-26,,,,
FF25100G34VVZW,ACTIVE,0,2,$25,19,2025-12-16,2025-12-26,,,,
FF251005SN0DJS,ACTIVE,0,2,$25,19,2025-12-16,2025-12-26,,,,
FF25109ELVSS26,ACTIVE,0,2,$25,19,2025-12-16,2025-12-26,,,,
FF2510871Y3O1R,ACTIVE,0,2,$25,19,2025-12-16,2025-12-26,,,,
FF2510OBAREX5P,ACTIVE,0,2,$25,19,2025-12-16,2025-12-26,,,,
FF25105HW4EW2S,ACTIVE,0,2,$25,19,2025-12-16,2025-12-26,,,,
FF2510HW5KKYKH,ACTIVE,0,2,$25,19,2025-12-16,2025-12-26,,,,
FF2510QXOR4S0N,ACTIVE,0,2,$25,19,2025-12-16,2025-12-26,,,,
FF2510PPFZ1SMJ,ACTIVE,0,2,$25,19,2025-12-16,2025-12-26,,,,
FF2510I6LJ99T0,ACTIVE,0,2,$25,19,2025-12-16,2025-12-26,,,,
FF25102LJPG1T0,ACTIVE,0,2,$25,19,2025-12-16,2025-12-26,,,,
FF2510SEQIX8K6,ACTIVE,0,2,$25,19,2025-12-16,2025-12-26,,,,
FF2510VGH12BZ0,ACTIVE,0,2,$25,19,2025-12-16,2025-12-26,,,,
FF2510JTW4QOQV,ACTIVE,0,2,$25,19,2025-12-16,2025-12-26,,,,
FF2510HFP83RBI,ACTIVE,0,2,$25,19,2025-12-16,2025-12-26,,,,
FF2510Y9TC5DCC,ACTIVE,0,2,$25,19,2025-12-16,2025-12-26,,,,
FF251047XKA54E,ACTIVE,0,2,$25,19,2025-12-16,2025-12-26,,,,
FF2510DPJGMUKY,ACTIVE,0,2,$25,19,2025-12-16,2025-12-26,,,,
FF25107AVVTMME,ACTIVE,0,2,$25,19,2025-12-16,2025-12-26,,,,
FF2510AV72U2PM,ACTIVE,0,2,$25,19,2025-12-16,2025-12-26,,,,
FF2510T1LXBUV9,ACTIVE,0,2,$25,19,2025-12-16,2025-12-26,,,,
FF251063OTCKKO,ACTIVE,0,2,$25,19,2025-12-16,2025-12-26,,,,
FF25106R3HMBDK,ACTIVE,0,2,$25,19,2025-12-16,2025-12-26,,,,
FF2510H9PGIZBM,ACTIVE,0,2,$25,19,2025-12-16,2025-12-26,,,,
FF2510WD6WAE7K,ACTIVE,0,2,$25,19,2025-12-16,2025-12-26,,,,
FF2510O4FIU4QQ,ACTIVE,0,2,$25,19,2025-12-16,2025-12-26,,,,
FF2510Q83Y0K5R,ACTIVE,0,2,$25,19,2025-12-16,2025-12-26,,,,
FF2510TI3YT2C2,ACTIVE,0,2,$25,19,2025-12-16,2025-12-26,,,,
FF2510BUEPXO0S,ACTIVE,0,2,$25,19,2025-12-16,2025-12-26,,,,
FF2510J2WN9MM5,ACTIVE,0,2,$25,19,2025-12-16,2025-12-26,,,,
FF25102ZZMP8AU,ACTIVE,0,2,$25,19,2025-12-16,2025-12-26,,,,
FF2510V3FKNZR3,ACTIVE,0,2,$25,19,2025-12-16,2025-12-26,,,,
FF2510ZP65CSUO,ACTIVE,0,2,$25,19,2025-12-16,2025-12-26,,,,
FF251023PMP7L6,ACTIVE,0,2,$25,19,2025-12-16,2025-12-26,,,,
FF25103BJ59MNO,ACTIVE,0,2,$25,19,2025-12-16,2025-12-26,,,,
FF25103W5TU43U,ACTIVE,0,2,$25,19,2025-12-16,2025-12-26,,,,
FF2510FMTYY7YL,ACTIVE,0,2,$25,19,2025-12-16,2025-12-26,,,,
FF2510BROG2C1X,ACTIVE,0,2,$25,19,2025-12-16,2025-12-26,,,,
FF25107BTTXACT,ACTIVE,0,2,$25,19,2025-12-16,2025-12-26,,,,
FF2510N889J538,ACTIVE,0,2,$25,19,2025-12-16,2025-12-26,,,,
FF2510O5QJLNFX,ACTIVE,0,2,$25,19,2025-12-16,2025-12-26,,,,
FF2510XMS46NQP,ACTIVE,0,2,$25,19,2025-12-16,2025-12-26,,,,
FF25106IJR3QT1,ACTIVE,0,2,$25,19,2025-12-16,2025-12-26,,,,
FF2510GLHUJ1DR,ACTIVE,0,2,$25,19,2025-12-16,2025-12-26,,,,
FF2510IYNJLGHR,ACTIVE,0,2,$25,19,2025-12-16,2025-12-26,,,,
FF2510KF1C2ZZW,ACTIVE,0,2,$25,19,2025-12-16,2025-12-26,,,,
FF2510LPAALNRB,ACTIVE,0,2,$25,19,2025-12-16,2025-12-26,,,,
FF25102CN90AZ6,ACTIVE,0,2,$25,19,2025-12-16,2025-12-26,,,,
FF2510GOKWRNRG,ACTIVE,0,2,$25,19,2025-12-16,2025-12-26,,,,
FF251060376HTN,ACTIVE,0,2,$25,19,2025-12-16,2025-12-26,,,,
FF2510GHHXISJQ,ACTIVE,0,2,$25,19,2025-12-16,2025-12-26,,,,
FF25104MOXQ993,ACTIVE,0,2,$25,19,2025-12-16,2025-12-26,,,,
FF2510GUR01O33,ACTIVE,0,2,$25,19,2025-12-16,2025-12-26,,,,
FF2510GJ0OO1P3,ACTIVE,0,2,$25,19,2025-12-16,2025-12-26,,,,
FF2510NWDRCNKE,ACTIVE,0,2,$25,19,2025-12-16,2025-12-26,,,,
FF2510Z3QB1IH4,ACTIVE,0,2,$25,19,2025-12-16,2025-12-26,,,,
FF25109PWGZZMX,ACTIVE,0,2,$25,19,2025-12-16,2025-12-26,,,,
FF2510ZC0W9VJL,ACTIVE,0,2,$25,19,2025-12-16,2025-12-26,,,,
FF2510W3MJW9Q3,ACTIVE,0,2,$25,19,2025-12-16,2025-12-26,,,,
FF2510EKHTMXW2,ACTIVE,0,2,$25,19,2025-12-16,2025-12-26,,,,
FF2510DBTVDI5M,ACTIVE,0,2,$25,19,2025-12-16,2025-12-26,,,,
FF2510GLBZ52W5,ACTIVE,0,2,$25,19,2025-12-16,2025-12-26,,,,
FF2510JYIRVV89,ACTIVE,0,2,$25,19,2025-12-16,2025-12-26,,,,
FF2510MRYXW2PN,ACTIVE,0,2,$25,19,2025-12-16,2025-12-26,,,,
FF2510MHKAYIUM,ACTIVE,0,2,$25,19,2025-12-16,2025-12-26,,,,
FF25107H6NGHZH,ACTIVE,0,2,$25,19,2025-12-16,2025-12-26,,,,
FF2510EDOS33DY,ACTIVE,0,2,$25,19,2025-12-16,2025-12-26,,,,
FF2510YKQJU1VB,ACTIVE,0,2,$25,19,2025-12-16,2025-12-26,,,,
FF2510744DECP1,ACTIVE,0,2,$25,19,2025-12-16,2025-12-26,,,,
FF2510P7545GIY,ACTIVE,0,2,$25,19,2025-12-16,2025-12-26,,,,
FF2510VJRRWSH3,ACTIVE,0,2,$25,19,2025-12-16,2025-12-26,,,,
FF2510GB626J3L,ACTIVE,0,2,$25,19,2025-12-16,2025-12-26,,,,
FF2510SST12XM5,ACTIVE,0,2,$25,19,2025-12-16,2025-12-26,,,,
FF2510G1YWEAIL,ACTIVE,0,2,$25,19,2025-12-16,2025-12-26,,,,
FF25106BHOILE2,ACTIVE,0,2,$25,19,2025-12-16,2025-12-26,,,,
FF2510HMCHWDQI,ACTIVE,0,2,$25,19,2025-12-16,2025-12-26,,,,
FF251056EG0Y1X,ACTIVE,0,2,$25,19,2025-12-16,2025-12-26,,,,
FF2510D7CHG78M,ACTIVE,0,2,$25,19,2025-12-16,2025-12-26,,,,
FF2510SDSSXIEI,ACTIVE,0,2,$25,19,2025-12-16,2025-12-26,,,,
FF2510QG9ZFR0H,ACTIVE,0,2,$25,19,2025-12-16,2025-12-26,,,,
FF2510LAL00VBI,ACTIVE,0,2,$25,19,2025-12-16,2025-12-26,,,,
FF2510RUVBCYZH,ACTIVE,0,2,$25,19,2025-12-16,2025-12-26,,,,
FF2510H3XJ8S32,ACTIVE,0,2,$25,19,2025-12-16,2025-12-26,,,,
FF2510VYZF3Y61,ACTIVE,0,2,$25,19,2025-12-16,2025-12-26,,,,
FF2510NVC3WEAD,ACTIVE,0,2,$25,19,2025-12-16,2025-12-26,,,,
FF2510FKZWURS1,ACTIVE,0,2,$25,19,2025-12-16,2025-12-26,,,,
FF2510IUYBXMIQ,ACTIVE,0,2,$25,19,2025-12-16,2025-12-26,,,,
FF2510FQN8B2MW,ACTIVE,0,2,$25,19,2025-12-16,2025-12-26,,,,
FF2510RY9C5ZGC,ACTIVE,0,2,$25,19,2025-12-16,2025-12-26,,,,
FF2510J437W41P,ACTIVE,0,2,$25,19,2025-12-16,2025-12-26,,,,
FF2510TCKFX8DU,ACTIVE,0,2,$25,19,2025-12-16,2025-12-26,,,,
FF2510C9LW6Q0H,ACTIVE,0,2,$25,19,2025-12-16,2025-12-26,,,,
FF2510IY1B7GZD,ACTIVE,0,2,$25,19,2025-12-16,2025-12-26,,,,
FF2510PM27NILJ,ACTIVE,0,2,$25,19,2025-12-16,2025-12-26,,,,
FF2510WXJQ18FY,ACTIVE,0,2,$25,19,2025-12-16,2025-12-26,,,,
FF25102TY9CTXV,ACTIVE,0,2,$25,19,2025-12-16,2025-12-26,,,,
FF2510PBOQTP5K,ACTIVE,0,2,$25,19,2025-12-16,2025-12-26,,,,
FF2510GB48SY6X,ACTIVE,0,2,$25,19,2025-12-16,2025-12-26,,,,
FF2510R8VAWALT,ACTIVE,0,2,$25,19,2025-12-16,2025-12-26,,,,
FF2510W9RS7XLH,ACTIVE,0,2,$25,19,2025-12-16,2025-12-26,,,,
FF2510C1FJNNNT,ACTIVE,0,2,$25,19,2025-12-16,2025-12-26,,,,
FF2510I6Y9SUER,ACTIVE,0,2,$25,19,2025-12-16,2025-12-26,,,,
FF2510Q0JU50OZ,ACTIVE,0,2,$25,19,2025-12-16,2025-12-26,,,,
FF2510R9YWNWQ8,ACTIVE,0,2,$25,19,2025-12-16,2025-12-26,,,,
FF2510U6VOCS5P,ACTIVE,0,2,$25,19,2025-12-16,2025-12-26,,,,
FF2510EUHAS7TW,ACTIVE,0,2,$25,19,2025-12-16,2025-12-26,,,,
FF2510D4UH6D9I,ACTIVE,0,2,$25,19,2025-12-16,2025-12-26,,,,
FF2510X1T4NBFC,ACTIVE,0,2,$25,19,2025-12-16,2025-12-26,,,,
FF2510WV6PSJ8G,ACTIVE,0,2,$25,19,2025-12-16,2025-12-26,,,,
FF25103GQSN5UK,ACTIVE,0,2,$25,19,2025-12-16,2025-12-26,,,,
FF2510RURYYD0H,ACTIVE,0,2,$25,19,2025-12-16,2025-12-26,,,,
FF2510WJCBT57C,ACTIVE,0,2,$25,19,2025-12-16,2025-12-26,,,,
FF2510W4N2RK9P,ACTIVE,0,2,$25,19,2025-12-16,2025-12-26,,,,
FF251078DU9H3A,ACTIVE,0,2,$25,19,2025-12-16,2025-12-26,,,,
FF251085HX51KI,ACTIVE,0,2,$25,19,2025-12-16,2025-12-26,,,,
FF25102YBAIEP4,ACTIVE,0,2,$25,19,2025-12-16,2025-12-26,,,,
FF2510B75NDSCG,ACTIVE,0,2,$25,19,2025-12-16,2025-12-26,,,,
FF2510IQ23629P,ACTIVE,0,2,$25,19,2025-12-16,2025-12-26,,,,
FF2510HIZI97MA,ACTIVE,0,2,$25,19,2025-12-16,2025-12-26,,,,
FF2510CBQ2M6QC,ACTIVE,0,2,$25,19,2025-12-16,2025-12-26,,,,
FF2510LE4OOX1N,ACTIVE,0,2,$25,19,2025-12-16,2025-12-26,,,,
FF2510H79D6P66,ACTIVE,0,2,$25,19,2025-12-16,2025-12-26,,,,
FF25100QBVK1DS,ACTIVE,0,2,$25,19,2025-12-16,2025-12-26,,,,
FF2510U4BJGX5X,ACTIVE,0,2,$25,19,2025-12-16,2025-12-26,,,,
FF2510JGQYS9ZN,ACTIVE,0,2,$25,19,2025-12-16,2025-12-26,,,,
FF25102U9EDFXK,ACTIVE,0,2,$25,19,2025-12-16,2025-12-26,,,,
FF2510F7CPOW6C,ACTIVE,0,2,$25,19,2025-12-16,2025-12-26,,,,
FF2510GIPQBWOT,ACTIVE,0,2,$25,19,2025-12-16,2025-12-26,,,,
FF2510KMGZ3HM3,ACTIVE,0,2,$25,19,2025-12-16,2025-12-26,,,,
FF2510MJ7XI257,ACTIVE,0,2,$25,19,2025-12-16,2025-12-26,,,,
FF251063VZUO6A,ACTIVE,0,2,$25,19,2025-12-16,2025-12-26,,,,
FF251011RDRGQV,ACTIVE,0,2,$25,19,2025-12-16,2025-12-26,,,,
FF2510ENC8IS4J,ACTIVE,0,2,$25,19,2025-12-16,2025-12-26,,,,
FF2510VLBF4QQM,ACTIVE,0,2,$25,19,2025-12-16,2025-12-26,,,,
FF2510NAYBRAW9,ACTIVE,0,2,$25,19,2025-12-16,2025-12-26,,,,
FF2510GIENS12I,ACTIVE,0,2,$25,19,2025-12-16,2025-12-26,,,,
FF2510FYYXSPV6,ACTIVE,0,2,$25,19,2025-12-16,2025-12-26,,,,
FF2510K1DB0ZZQ,ACTIVE,0,2,$25,19,2025-12-16,2025-12-26,,,,
FF2510PLRLZVYB,ACTIVE,0,2,$25,19,2025-12-16,2025-12-26,,,,
FF2510IS22VS7R,ACTIVE,0,2,$25,19,2025-12-16,2025-12-26,,,,
FF2510BEDUYC75,ACTIVE,0,2,$25,19,2025-12-16,2025-12-26,,,,
FF2510D523LNO3,ACTIVE,0,2,$25,19,2025-12-16,2025-12-26,,,,
FF2510LAA94DEF,ACTIVE,0,2,$25,19,2025-12-16,2025-12-26,,,,
FF25100C5TCQTE,ACTIVE,0,2,$25,19,2025-12-16,2025-12-26,,,,
FF2510XZB8ZOJV,ACTIVE,0,2,$25,19,2025-12-16,2025-12-26,,,,
FF2510SONAMTF6,ACTIVE,0,2,$25,19,2025-12-16,2025-12-26,,,,
FF25107MF9CKY2,ACTIVE,0,2,$25,19,2025-12-16,2025-12-26,,,,
FF2510KC8M6UP7,ACTIVE,0,2,$25,19,2025-12-16,2025-12-26,,,,
FF2510SXQ28ODX,ACTIVE,0,2,$25,19,2025-12-16,2025-12-26,,,,
FF25107NCFMXVA,ACTIVE,0,2,$25,19,2025-12-16,2025-12-26,,,,
FF2510LFP0YB2B,ACTIVE,0,2,$25,19,2025-12-16,2025-12-26,,,,
FF2510C1NCXGXS,ACTIVE,0,2,$25,19,2025-12-16,2025-12-26,,,,
